USE MASTER 
GO

IF EXISTS (SELECT*FROM SYSDATABASES WHERE NAME = 'ProyectoPABD')
	DROP DATABASE ProyectoPABD
GO

CREATE DATABASE ProyectoPABD
ON PRIMARY 
(NAME = Proyecto_Dat, FILENAME='C:\MisDatos\ProyectoPABD_Dat.mdf',
 SIZE = 8MB, MAXSIZE =200, FILEGROWTH=1)
 LOG ON
(NAME = Proyecto_Log, FILENAME='C:\MisDatos\ProyectoPABD_Log.ldf',
 SIZE = 1MB, MAXSIZE =50, FILEGROWTH=1MB)
 GO

 USE ProyectoPABD
 GO
 
-----------------------------------------</>------------------------------------------
-----------------------------------------</>------------------------------------------

 --CREACION DE TABLAS

 IF OBJECT_ID('PACIENTE', 'U') IS NOT NULL 
 DROP TABLE PACIENTE;

 CREATE TABLE PACIENTE
 (CODIGOPC INT NOT NULL IDENTITY (1,1)  PRIMARY KEY,
 NOMPC VARCHAR(20) NOT NULL,
 APEPATPC VARCHAR(15) NOT NULL,
 APEMATPC VARCHAR(15) NOT NULL,
 FECNACPC DATE NOT NULL,
 TELFPC VARCHAR(15) NULL,
 DIRECPC VARCHAR(20) NOT NULL,
 CORREOPC VARCHAR(40) NULL,
 SEXOPC CHAR(1) NOT NULL,
 DNIPC CHAR(8) NOT NULL UNIQUE,
 CODIGOUBIGEO CHAR(4) NOT NULL,
	ESTADO_PC INT NOT NULL,
	-- 1 ACTIVO
	-- 2 INACTIVO
	ON_CREATED VARCHAR(100) NOT NULL,
	FEC_CREATED DATE NOT NULL,
	ON_UPDATED VARCHAR(100) NOT NULL,
	FEC_UPDATED DATE NOT NULL
 /*EDADRECEP  AS (DATEDIFF(D, FECNACPC, GETDATE())/365)*/)
 GO

-- FIN TB_PACIENTE

 IF OBJECT_ID('RECEPCIONISTA', 'U') IS NOT NULL 
 DROP TABLE RECEPCIONISTA; 

 CREATE TABLE RECEPCIONISTA
 (CODIGORECEP INT NOT NULL IDENTITY (1,1)  PRIMARY KEY,
 NOMRECEP VARCHAR(20) NOT NULL,
 APEPATRECEP VARCHAR(15) NOT NULL,
 APEMATRECEP VARCHAR(15) NOT NULL,
 GENERORECEP CHAR(1) NOT NULL,
 FECNACRECEP DATE NOT NULL,
 FECINILABRECEP DATE NOT NULL,
 TELFRECEP VARCHAR(15) NULL,
 DIRECRECEP VARCHAR(30) NOT NULL,
 CORREORECEP VARCHAR(40) NULL,
 DNIRECEP CHAR(8) NOT NULL UNIQUE,
 CODIGOUBIGEO CHAR(4) NOT NULL,
 CODIGOAREA CHAR(3) NOT NULL,
 	ESTADO_RECEP INT NOT NULL,
	-- 1 ACTIVO
	-- 2 INACTIVO
	ON_CREATED VARCHAR(100) NOT NULL,
	FEC_CREATED DATE NOT NULL,
	ON_UPDATED VARCHAR(100) NOT NULL,
	FEC_UPDATED DATE NOT NULL
 /*EDADRECEP  AS (DATEDIFF(D, FECNACRECEP, GETDATE())/365)
 TMPO_TRAB_RECEP AS DATEDIFF(D, FECINILABRECEP, GETDATE()),*/)
 GO

-- FIN TB_RECEPCIONISTA

 IF OBJECT_ID('MEDICO', 'U') IS NOT NULL 
 DROP TABLE MEDICO; 

 CREATE TABLE MEDICO
 (CODIGOMED INT NOT NULL IDENTITY (1,1)  PRIMARY KEY,
 NOMMED VARCHAR(20) NOT NULL,
 APEPATMED VARCHAR(15) NOT NULL,
 APEMATMED VARCHAR(15) NOT NULL,
 GENEROMED CHAR(1) NOT NULL,
 FECNACMED DATE NOT NULL,
 FECINILABMED DATE NOT NULL,
 TELFMED VARCHAR(15) NULL,
 DIRECMED VARCHAR(30) NOT NULL,
 CORREOMED VARCHAR(40) NULL,
 DNIMED CHAR(8) UNIQUE NOT NULL,
 TURNO INT NOT NULL,
 CODJEFE INT NOT NULL,
 CODIGOUBIGEO CHAR(4) NOT NULL,
 CODIGOAREA CHAR(3) NOT NULL,
 CODIGOESPEC CHAR(2) NOT NULL,
 	ESTADO_MED INT NOT NULL,
	-- 1 ACTIVO
	-- 2 INACTIVO
	ON_CREATED VARCHAR(100) NOT NULL,
	FEC_CREATED DATE NOT NULL,
	ON_UPDATED VARCHAR(100) NOT NULL,
	FEC_UPDATED DATE NOT NULL
 /*EDADRECEP  AS (DATEDIFF(D, FECNACMED, GETDATE())/365),
 TMPO_TRAB_MED AS DATEDIFF(D, FECINILABMED, GETDATE()),*/)
 GO


-- FIN TB_MEDICO

IF OBJECT_ID('UBIGEO', 'U') IS NOT NULL 
  DROP TABLE UBIGEO; 

 CREATE TABLE UBIGEO
 (CODIGOUBIGEO CHAR(4) PRIMARY KEY,
 DISTRITO VARCHAR(30) UNIQUE NOT NULL,
 PROVINCIA VARCHAR(15)NOT NULL,
 DEPARTAMENTO VARCHAR(15) NOT NULL,
 	ESTADO_UBIGEO INT NOT NULL,
	-- 1 ACTIVO
	-- 2 INACTIVO
	ON_CREATED VARCHAR(100) NOT NULL,
	FEC_CREATED DATE NOT NULL,
	ON_UPDATED VARCHAR(100) NOT NULL,
	FEC_UPDATED DATE NOT NULL)
 GO

 -- FIN TB_UBIGEO

 IF OBJECT_ID('ESPECIALIDAD', 'U') IS NOT NULL 
 DROP TABLE ESPECIALIDAD; 

 CREATE TABLE ESPECIALIDAD
 (CODIGOESPEC CHAR(2) PRIMARY KEY,
 NOMESPECIALIDAD VARCHAR(35) UNIQUE NOT NULL,
 	ESTADO_ESPEC INT NOT NULL,
	-- 1 ACTIVO
	-- 2 INACTIVO
	ON_CREATED VARCHAR(100) NOT NULL,
	FEC_CREATED DATE NOT NULL,
	ON_UPDATED VARCHAR(100) NOT NULL,
	FEC_UPDATED DATE NOT NULL)
 GO

 -- FIN TB_ESPECIALIDAD

 IF OBJECT_ID('AREA', 'U') IS NOT NULL 
 DROP TABLE AREA; 

 CREATE TABLE AREA
 (CODIGOAREA CHAR(3) PRIMARY KEY,
 NOMAREA VARCHAR (60) NOT NULL,
  	ESTADO_AREA INT NOT NULL,
	-- 1 ACTIVO
	-- 2 INACTIVO
	ON_CREATED VARCHAR(100) NOT NULL,
	FEC_CREATED DATE NOT NULL,
	ON_UPDATED VARCHAR(100) NOT NULL,
	FEC_UPDATED DATE NOT NULL)
 GO

 --FIN TB_AREA 

 IF OBJECT_ID('CITA_PACIENTE', 'U') IS NOT NULL 
 DROP TABLE CITA_PACIENTE; 

 CREATE TABLE CITA_PACIENTE 
 (NUMEROCITA INT NOT NULL IDENTITY(1,1) PRIMARY KEY,
 CODIGOPC INT NOT NULL,
 CODIGORECEP INT NOT NULL,
 CODIGOMED INT NOT NULL,
 CODIGOAREA CHAR(3) NOT NULL,
 FECCITA DATE NOT NULL,
 HORACITA TIME NOT NULL,
 TELFCONTACTO CHAR(8) NOT NULL,
 CORREOCONTACTO VARCHAR(50) NOT NULL,
  	ESTADO_CITA INT NOT NULL,
	-- 1 ACTIVO
	-- 2 VENCIDA
	ON_CREATED VARCHAR(100) NOT NULL,
	FEC_CREATED DATE NOT NULL,
	ON_UPDATED VARCHAR(100) NOT NULL,
	FEC_UPDATED DATE NOT NULL)
 GO
 
 --FIN TB_CITA_PACIENTE

 IF OBJECT_ID('HISTORIA_PACIENTE', 'U') IS NOT NULL 
 DROP TABLE HISTORIA_PACIENTE; 

 CREATE TABLE HISTORIA_PACIENTE
 (CODIGOHISTORIA INT NOT NULL IDENTITY(1,1) PRIMARY KEY,
 FECHISTORIA DATE NOT NULL,
 PESOPC INT NULL,
 TALLAPC INT NULL,
 DIAGNOSTICO VARCHAR(255) NOT NULL,
 CONDICION INT NOT NULL,
 ENFERMPREV VARCHAR(100) NULL,
 ALERGIAMED VARCHAR(100) NULL,
 CODIGOPC INT NOT NULL,
 CODIGOMED INT NOT NULL,
 CODIGOAREA CHAR(3) NOT NULL,
  	ESTADO_HISTORIA INT NOT NULL,
	-- 1 VIGENTE
	-- 2 SIN VIGENCIA
	ON_CREATED VARCHAR(100) NOT NULL,
	FEC_CREATED DATE NOT NULL,
	ON_UPDATED VARCHAR(100) NOT NULL,
	FEC_UPDATED DATE NOT NULL)
 GO

 --FIN TB_HISTORIA_PACIENTE

 IF OBJECT_ID('RECETA_MEDICA', 'U') IS NOT NULL 
 DROP TABLE RECETA_MEDICA; 

 CREATE TABLE RECETA_MEDICA
 (NUMERORECETA INT NOT NULL IDENTITY(1,1) PRIMARY KEY,
 FECRECETA DATE NOT NULL,
 OBSERVACIONES VARCHAR(255) NULL,
 CODIGOPC INT NOT NULL,
 CODIGOMED INT NOT NULL,
  	ESTADO_RECETA INT NOT NULL,
	-- 1 VIGENTE
	-- 2 SIN VIGENCIA
	ON_CREATED VARCHAR(100) NOT NULL,
	FEC_CREATED DATE NOT NULL,
	ON_UPDATED VARCHAR(100) NOT NULL,
	FEC_UPDATED DATE NOT NULL)
 GO

--FIN TB_RECETA_MEDICA

 IF OBJECT_ID('ORDEN_LABORATORIO', 'U') IS NOT NULL 
 DROP TABLE ORDEN_LABORATORIO;
 
 CREATE TABLE ORDEN_LABORATORIO
 (CODIGOORLAB INT NOT NULL IDENTITY(1,1) PRIMARY KEY,
 OBSERVACIONES VARCHAR(255) NULL,
 CODIGOPC INT NOT NULL,
 CODIGOMED INT NOT NULL,
  	ESTADO_ORLAB INT NOT NULL,
	-- 1 VIGENTE
	-- 2 SIN VIGENCIA
	ON_CREATED VARCHAR(100) NOT NULL,
	FEC_CREATED DATE NOT NULL,
	ON_UPDATED VARCHAR(100) NOT NULL,
	FEC_UPDATED DATE NOT NULL)
 GO

--FIN TB_ORDEN_LABORATORIO

 IF OBJECT_ID('MEDICAMENTO', 'U') IS NOT NULL 
 DROP TABLE MEDICAMENTO; 

 CREATE TABLE MEDICAMENTO
 (CODIGOMEDICAMENTO INT NOT NULL IDENTITY (1,1) PRIMARY KEY,
 NOMMEDICAMENTO VARCHAR(100) NOT NULL,
 CONCENTRACION VARCHAR(30) NULL,
 APLICACION VARCHAR (15) NOT NULL,
  	ESTADO_MEDICAMENTO INT NOT NULL,
	-- 1 VIGENTE
	-- 2 SIN VIGENCIA
	ON_CREATED VARCHAR(100) NOT NULL,
	FEC_CREATED DATE NOT NULL,
	ON_UPDATED VARCHAR(100) NOT NULL,
	FEC_UPDATED DATE NOT NULL)
 GO

 --FIN TB_MEDICAMENTO

 IF OBJECT_ID('EXAMEN_LABORATORIO', 'U') IS NOT NULL 
 DROP TABLE EXAMEN_LABORATORIO; 

 CREATE TABLE EXAMEN_LABORATORIO
 (CODIGOEXLAB INT NOT NULL IDENTITY(1,1) PRIMARY KEY,
 NOMEXLAB VARCHAR(100) NOT NULL,
 PRECIOLISTA MONEY NOT NULL,
 RESTRICCIONES VARCHAR(100) NOT NULL,
  	ESTADO_EXAMLAB INT NOT NULL,
	-- 1 ACTIVO
	-- 2 INACTIVO
	ON_CREATED VARCHAR(100) NOT NULL,
	FEC_CREATED DATE NOT NULL,
	ON_UPDATED VARCHAR(100) NOT NULL,
	FEC_UPDATED DATE NOT NULL)
 GO

 --FIN TB_EXAMENES_LABORATORIO

 IF OBJECT_ID('DETALLE_ORDEN_LAB', 'U') IS NOT NULL 
 DROP TABLE DETALLE_ORDEN_LAB;

 CREATE TABLE DETALLE_ORDEN_LAB
 (CODIGOEXLAB INT NOT NULL,
 CODIGOORLAB INT NOT NULL,
 PRECIOUNIT MONEY NOT NULL,
 DESCUENTO MONEY NOT NULL,
   	ESTADO_DETALLE_ORLAB INT NOT NULL,
	-- 1 VIGENTE
	-- 2 SIN VIGENCIA
	ON_CREATED VARCHAR(100) NOT NULL,
	FEC_CREATED DATE NOT NULL,
	ON_UPDATED VARCHAR(100) NOT NULL,
	FEC_UPDATED DATE NOT NULL,
 PRIMARY KEY(CODIGOEXLAB,CODIGOORLAB))
 GO

 --FIN TB_DETALLE_ORDEN_LAB

 IF OBJECT_ID('DETALLE_RECETA', 'U') IS NOT NULL 
 DROP TABLE DETALLE_RECETA;

 CREATE TABLE DETALLE_RECETA
 (CODIGOMEDICAMENTO INT NOT NULL,
 NUMERORECETA INT NOT NULL,
 PRECIOUNIT MONEY NOT NULL,
 DESCUENTO MONEY NOT NULL,
 CANTIDAD INT NOT NULL,
   	ESTADO_DETALLE_RECETA INT NOT NULL,
	-- 1 VIGENTE
	-- 2 SIN VIGENCIA
	ON_CREATED VARCHAR(100) NOT NULL,
	FEC_CREATED DATE NOT NULL,
	ON_UPDATED VARCHAR(100) NOT NULL,
	FEC_UPDATED DATE NOT NULL,
 PRIMARY KEY(CODIGOMEDICAMENTO,NUMERORECETA))
 GO

 --FIN TB_DETALLE_RECETA

-----------------------------------------</>------------------------------------------
-----------------------------------------</>------------------------------------------

-- CONSTRAINTS DE LLAVE FOR쳁EA

ALTER TABLE PACIENTE ADD CONSTRAINT fk_ubigeo_paciente FOREIGN KEY (CODIGOUBIGEO) REFERENCES UBIGEO

ALTER TABLE RECEPCIONISTA ADD CONSTRAINT fk_ubigeo_recepcionista FOREIGN KEY (CODIGOUBIGEO) REFERENCES UBIGEO
ALTER TABLE RECEPCIONISTA ADD CONSTRAINT fk_area_recepcionista FOREIGN KEY (CODIGOAREA) REFERENCES AREA

ALTER TABLE MEDICO ADD CONSTRAINT fk_ubigeo_medico FOREIGN KEY (CODIGOUBIGEO) REFERENCES UBIGEO
ALTER TABLE MEDICO ADD CONSTRAINT fk_area_medico FOREIGN KEY (CODIGOAREA) REFERENCES AREA
ALTER TABLE MEDICO ADD CONSTRAINT fk_especialidad_medico FOREIGN KEY (CODIGOESPEC) REFERENCES ESPECIALIDAD
ALTER TABLE MEDICO ADD CONSTRAINT fk_jefe_medico FOREIGN KEY (CODJEFE) REFERENCES MEDICO(CODIGOMED)

ALTER TABLE CITA_PACIENTE ADD CONSTRAINT fk_paciente_cita FOREIGN KEY (CODIGOPC) REFERENCES PACIENTE
ALTER TABLE CITA_PACIENTE ADD CONSTRAINT fk_recepcionista_cita FOREIGN KEY (CODIGORECEP) REFERENCES RECEPCIONISTA
ALTER TABLE CITA_PACIENTE ADD CONSTRAINT fk_medico_cita FOREIGN KEY (CODIGOMED) REFERENCES MEDICO
ALTER TABLE CITA_PACIENTE ADD CONSTRAINT fk_area_cita FOREIGN KEY (CODIGOAREA) REFERENCES AREA

ALTER TABLE HISTORIA_PACIENTE ADD CONSTRAINT fk_paciente_historia FOREIGN KEY (CODIGOPC) REFERENCES PACIENTE
ALTER TABLE HISTORIA_PACIENTE ADD CONSTRAINT fk_medico_historia FOREIGN KEY (CODIGOMED) REFERENCES MEDICO
ALTER TABLE HISTORIA_PACIENTE ADD CONSTRAINT fk_area_historia FOREIGN KEY (CODIGOAREA) REFERENCES AREA

ALTER TABLE ORDEN_LABORATORIO ADD CONSTRAINT fk_paciente_orlab FOREIGN KEY (CODIGOPC) REFERENCES PACIENTE
ALTER TABLE ORDEN_LABORATORIO ADD CONSTRAINT fk_medico_orlab FOREIGN KEY (CODIGOMED) REFERENCES MEDICO

ALTER TABLE RECETA_MEDICA ADD CONSTRAINT fk_paciente_receta FOREIGN KEY (CODIGOPC) REFERENCES PACIENTE
ALTER TABLE RECETA_MEDICA ADD CONSTRAINT fk_medico_receta FOREIGN KEY (CODIGOMED) REFERENCES MEDICO

ALTER TABLE DETALLE_RECETA ADD CONSTRAINT fk_nroreceta_detreceta FOREIGN KEY (NUMERORECETA) REFERENCES RECETA_MEDICA
ALTER TABLE DETALLE_RECETA ADD CONSTRAINT fk_medicamento_detreceta FOREIGN KEY (CODIGOMEDICAMENTO) REFERENCES MEDICAMENTO

ALTER TABLE DETALLE_ORDEN_LAB ADD CONSTRAINT fk_codigolab_detorlab FOREIGN KEY (CODIGOEXLAB) REFERENCES EXAMEN_LABORATORIO
ALTER TABLE DETALLE_ORDEN_LAB ADD CONSTRAINT fk_codigoorlab_detorlab FOREIGN KEY (CODIGOORLAB) REFERENCES ORDEN_LABORATORIO

-----------------------------------------</>------------------------------------------
-----------------------------------------</>------------------------------------------

--CONSTRAINTS PARA DAR FORMATO

--ALTER TABLE PACIENTE ADD CODPC AS ('PC' + RIGHT('0000' + CONVERT(varchar(4), CODPCID), 4));
ALTER TABLE PACIENTE ADD CONSTRAINT chek_telfpc CHECK (TELFPC NOT LIKE '%[^0-9]%')
ALTER TABLE PACIENTE ADD CONSTRAINT chek_generopc CHECK (SEXOPC LIKE '[MF]')
ALTER TABLE PACIENTE ADD CONSTRAINT chek_dnipc CHECK (DNIPC NOT LIKE '%[^0-9]%')
ALTER TABLE PACIENTE ADD CONSTRAINT chek_emailpc CHECK(CORREOPC LIKE '%___@___%.___%') 
ALTER TABLE PACIENTE ADD CONSTRAINT chek_estadopc CHECK (ESTADO_PC LIKE '[12]')

--ALTER TABLE RECEPCIONISTA ADD CODRECEP AS ('RC' + RIGHT('000' + CONVERT(varchar(3), CODRECEPID), 3));
ALTER TABLE RECEPCIONISTA ADD CONSTRAINT chek_telfrecep CHECK (TELFRECEP NOT LIKE '%[^0-9]%')
ALTER TABLE RECEPCIONISTA ADD CONSTRAINT chek_dnirecep CHECK (DNIRECEP NOT LIKE '%[^0-9]%')
ALTER TABLE RECEPCIONISTA ADD CONSTRAINT chek_generorecep CHECK (GENERORECEP LIKE '[MF]')
--ALTER TABLE RECEPCIONISTA ADD CONSTRAINT chek_min_edad CHECK ((DATEDIFF(D, FECNACRECEP, GETDATE())/365)>18)
ALTER TABLE RECEPCIONISTA ADD CONSTRAINT chek_emailrecep CHECK(CORREORECEP LIKE '%___@___%.___%') 
ALTER TABLE RECEPCIONISTA ADD CONSTRAINT chek_estadorecep CHECK (ESTADO_RECEP LIKE '[12]')

--ALTER TABLE MEDICO ADD CODMED AS ('RC' + RIGHT('000' + CONVERT(varchar(3), CODMEDID), 3));
ALTER TABLE MEDICO ADD CONSTRAINT chek_telfmed CHECK (TELFMED NOT LIKE '%[^0-9]%')
ALTER TABLE MEDICO ADD CONSTRAINT chek_dnimed CHECK (DNIMED NOT LIKE '%[^0-9]%')
ALTER TABLE MEDICO ADD CONSTRAINT chek_generomed CHECK (GENEROMED LIKE '[MF]')
--ALTER TABLE MEDICO ADD CONSTRAINT chek_min_edad CHECK ((DATEDIFF(D, FECNACMED, GETDATE())/365)>18)
ALTER TABLE MEDICO ADD CONSTRAINT chek_emailmed CHECK(CORREOMED LIKE '%___@___%.___%')
ALTER TABLE MEDICO ADD CONSTRAINT chek_turnomed CHECK (TURNO LIKE '[1-3]') 
ALTER TABLE MEDICO ADD CONSTRAINT chek_estadomed CHECK (ESTADO_MED LIKE '[12]')
ALTER TABLE MEDICO ADD HOR_ENT_MED TIME NULL, HOR_SAL_MED TIME NULL;
UPDATE MEDICO SET HOR_ENT_MED = '09:00:00 AM' WHERE TURNO = 1
UPDATE MEDICO SET HOR_SAL_MED = '11:59:00 AM' WHERE TURNO = 1
UPDATE MEDICO SET HOR_ENT_MED = '12:01:00 PM' WHERE TURNO = 2
UPDATE MEDICO SET HOR_SAL_MED = '02:59:00 PM' WHERE TURNO = 2
UPDATE MEDICO SET HOR_ENT_MED = '03:00:01 PM' WHERE TURNO = 3
UPDATE MEDICO SET HOR_SAL_MED = '05:59:00 AM' WHERE TURNO = 3

ALTER TABLE AREA ADD CONSTRAINT chek_estadoarea CHECK (ESTADO_AREA LIKE '[12]')
ALTER TABLE CITA_PACIENTE ADD CONSTRAINT chek_estadocita CHECK (ESTADO_CITA LIKE '[12]')
ALTER TABLE DETALLE_ORDEN_LAB ADD CONSTRAINT chek_estadodetorlab CHECK (ESTADO_DETALLE_ORLAB LIKE '[12]')
ALTER TABLE DETALLE_RECETA ADD CONSTRAINT chek_estadodetreceta CHECK (ESTADO_DETALLE_RECETA LIKE '[12]')
ALTER TABLE ESPECIALIDAD ADD CONSTRAINT chek_estadoespecialidad CHECK (ESTADO_ESPEC LIKE '[12]')
ALTER TABLE EXAMEN_LABORATORIO ADD CONSTRAINT chek_estadoexamlab CHECK (ESTADO_EXAMLAB LIKE '[12]')
ALTER TABLE HISTORIA_PACIENTE ADD CONSTRAINT chek_estadohistoria CHECK (ESTADO_HISTORIA LIKE '[12]')
ALTER TABLE ORDEN_LABORATORIO ADD CONSTRAINT chek_estadoorlab CHECK (ESTADO_ORLAB LIKE '[12]')
ALTER TABLE MEDICAMENTO ADD CONSTRAINT chek_estadomedicamento CHECK (ESTADO_MEDICAMENTO LIKE '[12]')
ALTER TABLE RECETA_MEDICA ADD CONSTRAINT chek_estadoreceta CHECK (ESTADO_RECETA LIKE '[12]')
ALTER TABLE UBIGEO ADD CONSTRAINT chek_estadoubigeo CHECK (ESTADO_UBIGEO LIKE '[12]')

-----------------------------------------</>------------------------------------------
-----------------------------------------</>------------------------------------------

-- Inserciones

INSERT INTO PACIENTE (NOMPC, APEPATPC, APEMATPC, FECNACPC, TELFPC, DIRECPC, CORREOPC,SEXOPC, DNIPC, CODIGOUBIGEO, ESTADO_PC,ON_CREATED,FEC_CREATED,ON_UPDATED,FEC_UPDATED) VALUES
('JOSE MANUEL', 'LUND','VELARDE', '19910213', '964666088','JR.MARU 320', 'JVELARDA@GMAIL.COM','M','45673873','0001','1','JOSELUND','20190706','JOSELUND','20190706'),
('KAORI MELISA', 'MURAKAMI','LASIO', '19900711', '964687688','JR.SORIANO 689', 'KMURAKAMI@GMAIL.COM','F','45645922','0003','1','JOSELUND','20190706','JOSELUND','20190706'),
('ANA VICTORIA', 'SOTO','MEJIA', '19970316', '986333789','AV.ROSATORO 102', 'AVICTORIA@GMAIL.COM','F','72384124','0020','1','JOSELUND','20190706','JOSELUND','20190706'),
('MARIA JOSE', 'RODRIGUEZ','MARTINEZ', '19960416', '986333770','AV.CARRION 1001', 'MJROD@GMAIL.COM','F','45783495','0010','1','JOSELUND','20190706','JOSELUND','20190706'),
('JUAN DIEGO', 'MARTINEZ','GONZALES', '19961026', '986765770','AV.SANCHEZ CERRO 567', 'JDIEGO@HOTMAIL.COM','M','45957495','0014','1','JOSELUND','20190706','JOSELUND','20190706'),
('MARIA ALEJANDRA', 'QUEIROLO','MARTINEZ', '19920717', '986330340','AV.MILAGROS 435', 'MQMAR@GMAIL.COM','F','48943495','0024','1','JOSELUND','20190706','JOSELUND','20190706'),
('MARIA CAMILA', 'GARC페','LOPEZ', '19960416', '986333770','AV.VUELTON 367', 'MCAM@GMAIL.COM','F','49846795','0030','1','JOSELUND','20190706','JOSELUND','20190706'),
('ANA LUCIA', 'HERNANDEZ','GOMEZ', '19900405', '967353770','AV.VENTURA RIOS 26', 'ANALUG@GMAIL.COM','F','40963495','0014','1','JOSELUND','20190706','JOSELUND','20190706'),
('SARA VALENTINA', 'RODRIGUEZ','PEREZ', '19990106', '989836770','AV.AGUIRRE 267', 'SARAVAL@GMAIL.COM','F','76483495','0015','1','JOSELUND','20190706','JOSELUND','20190706'),
('ANDRES FELIPE', 'GARCIA','CALDERON', '19920528', '988476300','AV.SAENZ PE헤 123', 'AGARC@GMAIL.COM','M','46824674','0020','1','JOSELUND','20190706','JOSELUND','20190706'),
('MIRKO ', 'CROCOP','RESTIU', '19900428', '988000300','AV.RUSIA 453', 'MCROCOP@GMAIL.COM','M','46432224','0014','1','JOSELUND','20190706','JOSELUND','20190706'),
('WANDERLEI FELIPE', 'SILVA','THIAGINHO', '19821025', '911176300','JR.BRASILEIRAO 199', 'WSILVA@GMAIL.COM','M','16332274','0005','1','JOSELUND','20190706','JOSELUND','20190706'),
('ANDERSON JON', 'SILVA','ROJAS', '19790803', '922299220','AV.BRASILIA 236', 'ASILVA@HOTMAIL.COM','M','18377674','0004','1','JOSELUND','20190706','JOSELUND','20190706'),
('JON BONE', 'JONES','SMITH', '19961121', '988499938','AV.LLUNAITED 76', 'JJONES@GMAIL.COM','M','46333693','0018','1','JOSELUND','20190706','JOSELUND','20190706'),
('HOLLY MARIA', 'HOLMES','SANCHEZ', '20051028', '922282800','JR. VILLA RICA 123', 'HHOLMES@GMAIL.COM','F','78233047','0010','1','JOSELUND','20190706','JOSELUND','20190706')
GO


INSERT INTO RECEPCIONISTA(NOMRECEP, APEPATRECEP, APEMATRECEP,GENERORECEP, FECNACRECEP,FECINILABRECEP, TELFRECEP, DIRECRECEP, CORREORECEP, DNIRECEP,CODIGOUBIGEO,CODIGOAREA,ESTADO_RECEP,ON_CREATED,FEC_CREATED,ON_UPDATED,FEC_UPDATED) VALUES
('MARIA DOLORES', 'QUISPE','ARRIERO','F', '19890215','20130315', '923468088', 'AV.MIRANDA 420', 'MQUISPE@GMAIL.COM','45698373','0011','026','1','JOSELUND','20190706','JOSELUND','20190706'),
('MIRANDA MESA', 'SIGUAN','LOTO','F', '19900921','20130225', '962839488', 'JR.BARTO 229', 'MIRASIG@GMAIL.COM','45029992','0011','026','1','JOSELUND','20190706','JOSELUND','20190706'),
('VANIA MARLA', 'MANSILLA','MILEN','F', '19840506','20140305', '993777789', 'CLL.SOLYLUNA 05', 'VMILE@GMAIL.COM','46754124','0011','023','1','JOSELUND','20190706','JOSELUND','20190706'),
('KATARINA MARIA', 'SILVA','BARRA','F', '19900415','20140305', '903900770', 'AV.MARTE 892', 'MKSB@GMAIL.COM','49755605','0019','023','1','JOSELUND','20190706','JOSELUND','20190706'),
('MARLON BRANDON', 'ACU헤','MAMANI','M', '19911122','20140305', '992830888', 'AV.CERRO BLANCO 345', 'MBRANDON@GMAIL.COM','45950002','0018','013','1','JOSELUND','20190706','JOSELUND','20190706'),
('SANDRA ALEJANDRA', 'BIRRA','MARTINEZ','F', '19930729','20170305', '986394837', 'JR.CONSTITUCION 111', 'SALEJA@HOTMAIL.COM','48837480','0016','013','1','JOSELUND','20190706','JOSELUND','20190706'),
('MARTA MURIEL', 'MURGUIA','ANGOBALDO','F', '19800128','20170305', '980293847', 'AV.RIMARAN 478', 'MMURI@GMAIL.COM','49000345','0011','047','1','JOSELUND','20190706','JOSELUND','20190706'),
('VICTOR SAMUEL', 'DIAZ','GUEVARA','M', '19880715','20170805', '967302938', 'JR.PALACIOS 446', 'VDIAZ@GMAIL.COM','40003395','0011','047','1','JOSELUND','20190706','JOSELUND','20190706'),
('LUCHO ANDRES', 'TRISANO','NORIEGA','M', '19850106','20170805', '989928300', 'AV.TOMAS MARSANO 1020', 'LANDRES@HOTMAIL.COM','46788495','0018','019','1','JOSELUND','20190706','JOSELUND','20190706'),
('MIRLA BRENDA', 'OCHOA','MURRUGARRA','F', '19870212','20180305', '987386290', 'JR.AGUIRRE 125', 'MIRBRE@HOTMAIL.COM','46092882','0019','019','1','JOSELUND','20190706','JOSELUND','20190706'),
('VALENTINA ELIA', 'SHEVCHENKO','VIRUTA','M', '19950203','20180305', '987373690', 'JR.KAZAJISTAN 898', 'VSHEV@HOTMAIL.COM','42877782','0016','002','1','JOSELUND','20190706','JOSELUND','20190706'),
('KATIE', 'HOMIE','LI','F', '19990312','20180305', '999933290', 'JR.CHINGAO 1005', 'KHOMIE@HOTMAIL.COM','43738293','0016','002','1','JOSELUND','20190706','JOSELUND','20190706'),
('KARLA VILMA', 'PALMA','CABREJOS','F', '19980124','20180305', '987374837', 'CALLE RUMIEAO 511', 'KPALMA@HOTMAIL.COM','43829993','0016','029','1','JOSELUND','20190706','JOSELUND','20190706'),
('AMANDA', 'NUNES','BALBOA','F', '19931107','20180305', '987332228', 'JR.LEAO 099', 'ANUNES@HOTMAIL.COM','42222232','0011','029','1','JOSELUND','20190706','JOSELUND','20190706'),
('DUSTIN BRENO', 'PORIER','DINTIO','M', '19960211','20180305', '900033320', 'JR.DIAMANTE 1111', 'DPOIRIER@HOTMAIL.COM','46090022','0011','026','1','JOSELUND','20190706','JOSELUND','20190706')
GO

INSERT INTO MEDICO(NOMMED, APEPATMED, APEMATMED,GENEROMED, FECNACMED,FECINILABMED, TELFMED, DIRECMED, CORREOMED, DNIMED,TURNO,CODJEFE,CODIGOUBIGEO,CODIGOAREA,CODIGOESPEC,ESTADO_MED,ON_CREATED,FEC_CREATED,ON_UPDATED,FEC_UPDATED) VALUES
('MARIA KATARINA', 'BARTRA','ROSSETA','F', '19880511','20130305', '923837468', 'AV.BUENOS AIRES 240', 'MBART@GMAIL.COM','45374873','1','1','0001','026','01','1','JOSELUND','20190706','JOSELUND','20190706'),
('MARIO MARTIN', 'STONE','PLUTO','M', '19901101','20130305', '983476488', 'AV.TARAPACA 119', 'MMST@GMAIL.COM','45083948','1','2','0013','029','09','1','JOSELUND','20190706','JOSELUND','20190706'),
('VANIA FRANSESCA', 'ESCUZA','ARRIERO','F', '19870530','20130305', '993999489', 'AV.MOLLOY 505', 'VAFA@GMAIL.COM','46049938','1','1','0013','026','01','1','JOSELUND','20190706','JOSELUND','20190706'),
('MILAGROS MARIA', 'SILVA','FIGUEROA','F', '19830212','20140305', '903938299', 'AV.CAMPOMAR 222', 'MILAS@GMAIL.COM','40390033','2','4','0023','023','03','1','JOSELUND','20190706','JOSELUND','20190706'),
('LUCIANA KRISTEL', 'MARTINESA','DELLUGIA','F', '19911101','20140305', '992800839', 'AV.PUERTO VIEJO 315', 'LUMAR@GMAIL.COM','40392881','2','4','0026','023','03','1','JOSELUND','20190706','JOSELUND','20190706'),
('JUAN ALEJANDRO', 'LUNA','ROEL','M', '19830729','20140305', '986333345', 'JR.CARRILLO ALCORNOZ 101', 'JUAAL@HOTMAIL.COM','48834777','2','6','0040','013','34','1','JOSELUND','20190706','JOSELUND','20190706'),
('MARTIN FERNANDO', 'MOYANO','LEON','M', '19890120','20140305', '980883377', 'AV.MARIANO CORNEJO 558', 'MARMOY@GMAIL.COM','40398394','3','2','0010','029','09','1','JOSELUND','20190706','JOSELUND','20190706'),
('VICTOR MANUEL', 'DIAZ','CARRERA','M', '19881222','20150805', '909384338', 'JR.RIQUELME 446', 'VCARRERA@GMAIL.COM','49384395','3','8','0019','002','37','1','JOSELUND','20190706','JOSELUND','20190706'),
('ALESSANDRA MERCEDES', 'ARRIETA','VELARDE','F', '19901018','20150805', '989999488', 'AV.BENAVIDES 920', 'ALAR@HOTMAIL.COM','46794995','3','9','0040','019','11','1','JOSELUND','20190706','JOSELUND','20190706'),
('PLINIO JORDAN', 'PRONOA','PAPADOPOULOS','M', '19861019','20180305', '987000400', 'JR.TUPLA 555', 'PLIPRO@HOTMAIL.COM','40942000','2','10','0013','047','05','1','JOSELUND','20190706','JOSELUND','20190706'),
('JORGE RAMON', 'MASVIDAL','JUNIOR','M', '19900629','20180305', '927384400', 'JR.TRES SODAS 155', 'JMASVIO@HOTMAIL.COM','43839490','2','10','0001','047','05','1','JOSELUND','20190706','JOSELUND','20190706'),
('BEN JULIO', 'ASKREN','DIEZ','M', '19871119','20180305', '983849990', 'JR.JANEN 12', 'BASKREN@HOTMAIL.COM','40039811','2','10','0013','047','05','1','JOSELUND','20190706','JOSELUND','20190706')
GO

 INSERT INTO CITA_PACIENTE (CODIGOPC,CODIGORECEP,CODIGOMED,CODIGOAREA,FECCITA,HORACITA,TELFCONTACTO,CORREOCONTACTO,ESTADO_CITA,ON_CREATED,FEC_CREATED,ON_UPDATED,FEC_UPDATED) VALUES
 ('19','26','9','019','20190726','05:00:00 PM','964666088','JVELARDA@GMAIL.COM','1','JOSELUND','20190706','JOSELUND','20190706'),
 ('19','28','8','002','20190726','04:00:00 PM','964666088','JVELARDA@GMAIL.COM','1','JOSELUND','20190706','JOSELUND','20190706'),
 ('25','32','1','026','20190419','11:00:00 AM','986333770','MCAM@GMAIL.COM','2','JOSELUND','20190706','JOSELUND','20190706'),
 ('25','32','3','026','20190602','11:00:00 AM','986333770','MCAM@GMAIL.COM','2','JOSELUND','20190706','JOSELUND','20190706'),
 ('33','30','7','026','20190419','03:00:00 PM','922282800','HHOLMES@GMAIL.COM','2','JOSELUND','20190706','JOSELUND','20190706'),
 ('32','20','4','023','20190726','02:30:00 PM','988499938','JJONES@GMAIL.COM','1','JOSELUND','20190706','JOSELUND','20190706'),
 ('29','25','12','047','20190720','01:30:00 PM','988000300','MCROCOP@GMAIL.COM','1','JOSELUND','20190706','JOSELUND','20190706'),
 ('31','22','6','013','20190502','01:00:00 PM','922299220','ASILVA@HOTMAIL.COM','2','JOSELUND','20190706','JOSELUND','20190706')
 GO

 INSERT INTO HISTORIA_PACIENTE (FECHISTORIA,PESOPC,TALLAPC,DIAGNOSTICO,CONDICION,ENFERMPREV,ALERGIAMED,CODIGOPC,CODIGOMED,CODIGOAREA,ESTADO_HISTORIA,ON_CREATED,FEC_CREATED,ON_UPDATED,FEC_UPDATED)VALUES
 ('20190726','90000','179','GLAUCOMA FASE INICIAL EN OJO DERECHO','1','SARAMPION','NO INDICA','19','9','019','1','JOSELUND','20190706','JOSELUND','20190706'),
 ('20190726','90000','179','SORIASIS LEVE','1','SARAMPION','NO INDICA','19','8','002','1','JOSELUND','20190706','JOSELUND','20190706'),
 ('20190419','76000','165','ENDOMETRIOSIS AGUDA','1','NO INDICA','NO INDICA','25','1','026','2','JOSELUND','20190706','JOSELUND','20190706'),
 ('20190602','76000','165','ENDOMETRIOSIS AGUDA/PROCESO DE RECUPERACI흁','1','NO INDICA','NO INDICA','25','3','026','2','JOSELUND','20190706','JOSELUND','20190706'),
 ('20190419','60000','159','DESCARTAR EMBARAZO','1','NO INDICA','NO INDICA','33','7','026','2','JOSELUND','20190706','JOSELUND','20190706'),
 ('20190726','90000','179','CANDIDIASIS/PREPUCIO LACERADO','1','NO INDICA','NO INDICA','32','4','023','1','JOSELUND','20190706','JOSELUND','20190706'),
 ('20190720','90000','179','COLICOS ESTOMACALES POR PROCESO INFECCIOSO','1','NO INDICA','NO INDICA','29','12','047','1','JOSELUND','20190706','JOSELUND','20190706'),
 ('20190502','90000','179','TRANSTORNO BIPOLAR FASE 1','1','NO INDICA','NO INDICA','31','6','013','2','JOSELUND','20190706','JOSELUND','20190706')
 GO

 INSERT INTO ORDEN_LABORATORIO (OBSERVACIONES, CODIGOPC, CODIGOMED,ESTADO_ORLAB,ON_CREATED,FEC_CREATED,ON_UPDATED,FEC_UPDATED)VALUES
 ('EXAMEN EN AYUNAS','32','4','1','JOSELUND','20190706','JOSELUND','20190706'),
 ('12 HORAS DESPUES DE ULTIMA PASTILLA DE LITIO','31','6','1','JOSELUND','20190706','JOSELUND','20190706'),
 ('DE PREFERENCIA EN AYUNAS','33','7','1','JOSELUND','20190706','JOSELUND','20190706')
 GO

 INSERT INTO DETALLE_ORDEN_LAB (CODIGOEXLAB,CODIGOORLAB,PRECIOUNIT,DESCUENTO,ESTADO_DETALLE_ORLAB,ON_CREATED,FEC_CREATED,ON_UPDATED,FEC_UPDATED)VALUES
 ('10','1',70.00,0.00,'1','JOSELUND','20190706','JOSELUND','20190706'),
 ('9','2',45.20,0.00,'1','JOSELUND','20190706','JOSELUND','20190706'),
 ('2','3',60.00,5.54,'1','JOSELUND','20190706','JOSELUND','20190706')
 GO
 
 
 INSERT INTO RECETA_MEDICA (FECRECETA,OBSERVACIONES,CODIGOPC,CODIGOMED,ESTADO_RECETA,ON_CREATED,FEC_CREATED,ON_UPDATED,FEC_UPDATED)VALUES
 ('20190726','NO EXPONER LOS OJOS AL SOL. UTILIZAR LENTES OSCUROS CON PROTECCION UV','19','9','1','JOSELUND','20190706','JOSELUND','20190706'),
 ('20190726','EVITAR EL AGUA DE MAR Y LA EXPOSICI흁 SOLAR','19','8','1','JOSELUND','20190706','JOSELUND','20190706'),
 ('20190419','SIN INDICACIONES','25','1','2','JOSELUND','20190706','JOSELUND','20190706'),
 ('20190602','SIN INDICACIONES','25','3','2','JOSELUND','20190706','JOSELUND','20190706'),
 ('20190726','NO UTILIZAR ROPA INTERIOR SINT텞ICA','32','4','1','JOSELUND','20190706','JOSELUND','20190706')
 GO

 INSERT INTO DETALLE_RECETA (CODIGOMEDICAMENTO,NUMERORECETA,PRECIOUNIT,DESCUENTO,CANTIDAD,ESTADO_DETALLE_RECETA,ON_CREATED,FEC_CREATED,ON_UPDATED,FEC_UPDATED) VALUES
 ('80','6','4.00','0.00','3','1','JOSELUND','20190706','JOSELUND','20190706'),
 ('111','7','2.50','0.00','3','1','JOSELUND','20190706','JOSELUND','20190706'),
 ('242','8','35.20','0.00','1','2','JOSELUND','20190706','JOSELUND','20190706'),
 ('94','10','20.50','3.00','1','1','JOSELUND','20190706','JOSELUND','20190706')
 GO


 INSERT INTO UBIGEO (CODIGOUBIGEO, DISTRITO, PROVINCIA, DEPARTAMENTO,ESTADO_UBIGEO,ON_CREATED,FEC_CREATED,ON_UPDATED,FEC_UPDATED) VALUES
 ('0001','LA PUNTA','CALLAO','CALLAO','1','JOSELUND','20190706','JOSELUND','20190706'), 
 ('0002','BELLAVISTA','CALLAO','CALLAO','1','JOSELUND','20190706','JOSELUND','20190706'),
 ('0003','LA PERLA','CALLAO','CALLAO','1','JOSELUND','20190706','JOSELUND','20190706'), 
 ('0004','VENTANILLA','CALLAO','CALLAO','1','JOSELUND','20190706','JOSELUND','20190706'),
 ('0015','lA VICTORIA','LIMA','LIMA','1','JOSELUND','20190706','JOSELUND','20190706'),
 ('0014','SURCO','LIMA','LIMA','1','JOSELUND','20190706','JOSELUND','20190706'),
 ('0013','MIRAFLORES','LIMA','LIMA','1','JOSELUND','20190706','JOSELUND','20190706'),
 ('0008','SAN JUAN DE LURIGANCHO','LIMA','LIMA','1','JOSELUND','20190706','JOSELUND','20190706'),
 ('0009','VILLA MARIA DEL TRIUNFO','LIMA','LIMA','1','JOSELUND','20190706','JOSELUND','20190706'),
 ('0010','SAN ISIDRIO','LIMA','LIMA','1','JOSELUND','20190706','JOSELUND','20190706'),
 ('0011','SAN MIGUEL','LIMA','LIMA','1','JOSELUND','20190706','JOSELUND','20190706'), 
 ('0012','LOS OLIVOS','LIMA','LIMA','1','JOSELUND','20190706','JOSELUND','20190706'),
 ('0007','MI PERU','CALLAO','CALLAO','1','JOSELUND','20190706','JOSELUND','20190706'),
 ('0006','CALLAO CERCADO','CALLAO','CALLAO','1','JOSELUND','20190706','JOSELUND','20190706'), 
 ('0005','CARMEN DE LA LEGUA Y REYNOSO','CALLAO','CALLAO','1','JOSELUND','20190706','JOSELUND','20190706'),
 ('0016','SAN MARTIN DE PORRES','LIMA','LIMA','1','JOSELUND','20190706','JOSELUND','20190706'),
 ('0017','BARRANCO','LIMA','LIMA','1','JOSELUND','20190706','JOSELUND','20190706'),
 ('0018','BRE헤','LIMA','LIMA','1','JOSELUND','20190706','JOSELUND','20190706'),
 ('0019','LIMA CERCADO','LIMA','LIMA','1','JOSELUND','20190706','JOSELUND','20190706'),
 ('0020','CHORRILLOS','LIMA','LIMA','1','JOSELUND','20190706','JOSELUND','20190706'),
 ('0021','LURIN','LIMA','LIMA','1','JOSELUND','20190706','JOSELUND','20190706'),
 ('0022','VILLA EL SALVADOR','LIMA','LIMA','1','JOSELUND','20190706','JOSELUND','20190706'),
 ('0023','LA MOLINA','LIMA','LIMA','1','JOSELUND','20190706','JOSELUND','20190706'),
 ('0024','CHACLACAYO','LIMA','LIMA','1','JOSELUND','20190706','JOSELUND','20190706'),
 ('0025','ATE','LIMA','LIMA','1','JOSELUND','20190706','JOSELUND','20190706'),
 ('0026','MAGDALENA DEL MAR','LIMA','LIMA','1','JOSELUND','20190706','JOSELUND','20190706'),
 ('0027','INDEPENDENCIA','LIMA','LIMA','1','JOSELUND','20190706','JOSELUND','20190706'),
 ('0028','SURQUILLO','LIMA','LIMA','1','JOSELUND','20190706','JOSELUND','20190706'),
 ('0029','SANTA ANITA','LIMA','LIMA','1','JOSELUND','20190706','JOSELUND','20190706'),
 ('0030','SANTA ROSA','LIMA','LIMA','1','JOSELUND','20190706','JOSELUND','20190706'), 
 ('0031','SANTA MARIA DEL MAR','LIMA','LIMA','1','JOSELUND','20190706','JOSELUND','20190706'),
 ('0032','ANCON','LIMA','LIMA','1','JOSELUND','20190706','JOSELUND','20190706'),
 ('0033','EL AGUSTINO','LIMA','LIMA','1','JOSELUND','20190706','JOSELUND','20190706'),
 ('0034','CARABAYLLO','LIMA','LIMA','1','JOSELUND','20190706','JOSELUND','20190706'), 
 ('0035','RIMAC','LIMA','LIMA','1','JOSELUND','20190706','JOSELUND','20190706'), 
 ('0036','PUENTE PIEDRA','LIMA','LIMA','1','JOSELUND','20190706','JOSELUND','20190706'),
 ('0037','PUNTA HERMOSA','LIMA','LIMA','1','JOSELUND','20190706','JOSELUND','20190706'),
 ('0038','PUNTA NEGRA','LIMA','LIMA','1','JOSELUND','20190706','JOSELUND','20190706'),
 ('0039','COMAS','LIMA','LIMA','1','JOSELUND','20190706','JOSELUND','20190706'),
 ('0040','SAN BORJA','LIMA','LIMA','1','JOSELUND','20190706','JOSELUND','20190706'),
 ('0041','CIENEGUILLA','LIMA','LIMA','1','JOSELUND','20190706','JOSELUND','20190706'), 
 ('0042','PACHAMAC','LIMA','LIMA','1','JOSELUND','20190706','JOSELUND','20190706'), 
 ('0043','SAN JUAN DE MIRAFLORES','LIMA','LIMA','1','JOSELUND','20190706','JOSELUND','20190706'),
 ('0044','SAN BARTOLO','LIMA','LIMA','1','JOSELUND','20190706','JOSELUND','20190706'),
 ('0045','SAN LUIS','LIMA','LIMA','1','JOSELUND','20190706','JOSELUND','20190706'),
 ('0046','BARRANCA','BARRANCA','LIMA','1','JOSELUND','20190706','JOSELUND','20190706'),
 ('0047','PARAMONGA','BARRANCA','LIMA','1','JOSELUND','20190706','JOSELUND','20190706'), 
 ('0048','PATIVILCA','BARRANCA','LIMA','1','JOSELUND','20190706','JOSELUND','20190706'),
 ('0049','SUPE','BARRANCA','LIMA','1','JOSELUND','20190706','JOSELUND','20190706'),
 ('0050','SUPE PUERTO','BARRANCA','LIMA','1','JOSELUND','20190706','JOSELUND','20190706')
 GO

  INSERT INTO ESPECIALIDAD (CODIGOESPEC, NOMESPECIALIDAD,ESTADO_ESPEC,ON_CREATED,FEC_CREATED,ON_UPDATED,FEC_UPDATED) VALUES
 ('01','GINECOLOGIA Y OBSTETRICIA','1','JOSELUND','20190706','JOSELUND','20190706'), 
 ('02','TRAUMATOLOGIA','1','JOSELUND','20190706','JOSELUND','20190706'),
 ('03','UROLOGIA','1','JOSELUND','20190706','JOSELUND','20190706'),
 ('04','CIRUGIA DE TORAX','1','JOSELUND','20190706','JOSELUND','20190706'),
 ('05','MEDICINA INTERNA','1','JOSELUND','20190706','JOSELUND','20190706'),
 ('06','MEDICINA GERIATRICA','1','JOSELUND','20190706','JOSELUND','20190706'),
 ('07','NEUROLOGIA','1','JOSELUND','20190706','JOSELUND','20190706'),
 ('08','CIRUGIA DE CABEZA Y CUELLO','1','JOSELUND','20190706','JOSELUND','20190706'),
 ('09','PEDIATRIA','1','JOSELUND','20190706','JOSELUND','20190706'),
 ('10','NEONATOLOGIA','1','JOSELUND','20190706','JOSELUND','20190706'),
 ('11','OFTALMOLOGIA','1','JOSELUND','20190706','JOSELUND','20190706'),
 ('12','CARDIOLOGIA','1','JOSELUND','20190706','JOSELUND','20190706'),
 ('13','NEFROLOGIA','1','JOSELUND','20190706','JOSELUND','20190706'),
 ('14','REUMATOLOGIA','1','JOSELUND','20190706','JOSELUND','20190706'),
 ('15','ANESTESIOLOGIA','1','JOSELUND','20190706','JOSELUND','20190706'),
 ('16','CIRUGIA PEDIATRICA','1','JOSELUND','20190706','JOSELUND','20190706'),
 ('17','CIRUGIA GENERAL','1','JOSELUND','20190706','JOSELUND','20190706'),
 ('18','CIRUGIA CARDIOVASCULAR','1','JOSELUND','20190706','JOSELUND','20190706'),
 ('19','CIRUGIA PLASTICA Y REPARADORA','1','JOSELUND','20190706','JOSELUND','20190706'),
 ('20','ENDOCRINOLOGIA','1','JOSELUND','20190706','JOSELUND','20190706'),
 ('21','ENDOCRINOLOGO INFANTIL','1','JOSELUND','20190706','JOSELUND','20190706'),
 ('22','MEDICINA FISICA Y REHABILITACION','1','JOSELUND','20190706','JOSELUND','20190706'),
 ('23','GASTROENTEROLOGIA','1','JOSELUND','20190706','JOSELUND','20190706'),
 ('24','GASTROENTEROLOGO INFANTIL','1','JOSELUND','20190706','JOSELUND','20190706'),
 ('25','GERIATRIA','1','JOSELUND','20190706','JOSELUND','20190706'),
 ('26','HEMATOLOGIA','1','JOSELUND','20190706','JOSELUND','20190706'),
 ('27','HEMATOLOGO INFANTIL','1','JOSELUND','20190706','JOSELUND','20190706'),
 ('28','INFECTOLOGIA','1','JOSELUND','20190706','JOSELUND','20190706'),
 ('29','MEDICINA NUCLEAR','1','JOSELUND','20190706','JOSELUND','20190706'),
 ('30','NEUMONOLOGIA','1','JOSELUND','20190706','JOSELUND','20190706'),
 ('31','NEUROCIRUGIA','1','JOSELUND','20190706','JOSELUND','20190706'),
 ('32','ONCOLOGIA','1','JOSELUND','20190706','JOSELUND','20190706'),
 ('33','OTORRINOLARINGOLOGIA','1','JOSELUND','20190706','JOSELUND','20190706'),
 ('34','PSIQUIATRIA','1','JOSELUND','20190706','JOSELUND','20190706'),
 ('35','TOXICOLOGIA','1','JOSELUND','20190706','JOSELUND','20190706'),
 ('36','CIRUG페 VASCULAR PERIFERICA','1','JOSELUND','20190706','JOSELUND','20190706'),
 ('37','DERMATOLOGIA','1','JOSELUND','20190706','JOSELUND','20190706'), 
 ('38','DIAGNOSTICO POR IMAGENES','1','JOSELUND','20190706','JOSELUND','20190706'),
 ('39','MEDICINA PREVENTIVA Y SALUD PUBLICA','1','JOSELUND','20190706','JOSELUND','20190706'),
 ('40','ANATOMIA PATOLOGICA','1','JOSELUND','20190706','JOSELUND','20190706'),
 ('41','ODONTOLOGIA','1','JOSELUND','20190706','JOSELUND','20190706'), 
 ('42','PROCTOLOGIA','1','JOSELUND','20190706','JOSELUND','20190706'),
 ('43','ANGIOLOGIA','1','JOSELUND','20190706','JOSELUND','20190706'),
 ('44','ANALISIS CLINICO','1','JOSELUND','20190706','JOSELUND','20190706'),
 ('45','MICROBIOLOGIA Y PARASITOLOGIA','1','JOSELUND','20190706','JOSELUND','20190706'),
 ('46','MEDICINA LEGAL Y FORENSE','1','JOSELUND','20190706','JOSELUND','20190706'),
 ('47','NUTRIOLOGIA','1','JOSELUND','20190706','JOSELUND','20190706'),
 ('48','INMUNOLOGIA','1','JOSELUND','20190706','JOSELUND','20190706'),
 ('49','MEDICINA GENERAL','1','JOSELUND','20190706','JOSELUND','20190706'),
 ('50','GENETICA MEDICA','1','JOSELUND','20190706','JOSELUND','20190706')
 GO

 INSERT INTO AREA (CODIGOAREA,NOMAREA,ESTADO_AREA,ON_CREATED,FEC_CREATED,ON_UPDATED,FEC_UPDATED) VALUES
 ('001','CARDIOLOGIA Y CUIDADOS CORONARIOS','1','JOSELUND','20190706','JOSELUND','20190706'),
 ('002','DERMATOLOGIA','1','JOSELUND','20190706','JOSELUND','20190706'),
 ('003','ENDOCRINOLOGIA','1','JOSELUND','20190706','JOSELUND','20190706'),
 ('004','GASTROENTEROLOGIA','1','JOSELUND','20190706','JOSELUND','20190706'),
 ('005','GERIATRIA','2','JOSELUND','20190706','JOSELUND','20190706'),
 ('006','ONCO-HEMATOLOGIA CLINICA','1','JOSELUND','20190706','JOSELUND','20190706'),
 ('007','ONCOLOGIA MEDICA','1','JOSELUND','20190706','JOSELUND','20190706'),
 ('008','INMUNOREUMATOLOGIA','2','JOSELUND','20190706','JOSELUND','20190706'),
 ('009','MEDICINA FISICA Y REHABILITACION','1','JOSELUND','20190706','JOSELUND','20190706'),
 ('010','NEFROLOGIA','1','JOSELUND','20190706','JOSELUND','20190706'),
 ('011','NEUROLOGIA','1','JOSELUND','20190706','JOSELUND','20190706'),
 ('012','NEUMOLOGIA','1','JOSELUND','20190706','JOSELUND','20190706'),
 ('013','SALUD MENTAL','1','JOSELUND','20190706','JOSELUND','20190706'),
 ('014','INFECTOLOGIA','1','JOSELUND','20190706','JOSELUND','20190706'),
 ('015','CIRUGIA DE APARTO DIGESTIVO Y PARED ABDOMINAL','1','JOSELUND','20190706','JOSELUND','20190706'),
 ('016','CIRUGIA DE CABEZA Y CUELLO','1','JOSELUND','20190706','JOSELUND','20190706'),
 ('017','CIRUGIA PLASTICA Y QUEMADOS','1','JOSELUND','20190706','JOSELUND','20190706'),
 ('018','NEUROCIRUGIA','1','JOSELUND','20190706','JOSELUND','20190706'),
 ('019','OFTALMOLOGIA','1','JOSELUND','20190706','JOSELUND','20190706'),
 ('020','ORTOPEDIA Y TRAUMATOLOGIA','1','JOSELUND','20190706','JOSELUND','20190706'),
 ('021','OTORRINOLARINGOLOGIA','1','JOSELUND','20190706','JOSELUND','20190706'),
 ('022','CIRUGIA TORAXICA Y CARDIOVASCULAR','1','JOSELUND','20190706','JOSELUND','20190706'),
 ('023','UROLOGIA','1','JOSELUND','20190706','JOSELUND','20190706'),
 ('024','VASCULAR PERIFERICO Y ANGIOLOGIA','2','JOSELUND','20190706','JOSELUND','20190706'),
 ('025','OBSTETRICIA','1','JOSELUND','20190706','JOSELUND','20190706'),
 ('026','GINECOLOGIA','1','JOSELUND','20190706','JOSELUND','20190706'),
 ('027','REPRODUCCION HUMANA','1','JOSELUND','20190706','JOSELUND','20190706'),
 ('028','ONCOLOGIA GINECOLOGICA Y MAMA','1','JOSELUND','20190706','JOSELUND','20190706'),
 ('029','PEDIATRIA','1','JOSELUND','20190706','JOSELUND','20190706'),
 ('030','NEONATOLOGIA','1','JOSELUND','20190706','JOSELUND','20190706'),
 ('031','ESTOMATOLOGIA CLINICA','1','JOSELUND','20190706','JOSELUND','20190706'),
 ('032','ESTOMATOLOGIA QUIRURGICA','1','JOSELUND','20190706','JOSELUND','20190706'),
 ('033','ANESTESIA','1','JOSELUND','20190706','JOSELUND','20190706'),
 ('034','ANALGESIA','1','JOSELUND','20190706','JOSELUND','20190706'),
 ('035','REANIMACION','2','JOSELUND','20190706','JOSELUND','20190706'),
 ('036','BANCO DE SANGRE','1','JOSELUND','20190706','JOSELUND','20190706'),
 ('037','INMUNOLOGIA','1','JOSELUND','20190706','JOSELUND','20190706'),
 ('038','BIOQUIMICA','1','JOSELUND','20190706','JOSELUND','20190706'),
 ('039','HEMATOLOGIA','1','JOSELUND','20190706','JOSELUND','20190706'),
 ('040','MICROBIOLOGIA','1','JOSELUND','20190706','JOSELUND','20190706'),
 ('041','RADIOLOGIA','1','JOSELUND','20190706','JOSELUND','20190706'),
 ('042','ECOGRAFIA','1','JOSELUND','20190706','JOSELUND','20190706'),
 ('043','MEDICINA NUCLEAR','2','JOSELUND','20190706','JOSELUND','20190706'),
 ('044','CONSULTA EXTERNA','1','JOSELUND','20190706','JOSELUND','20190706'),
 ('045','HOSPITALIZACION','1','JOSELUND','20190706','JOSELUND','20190706'),
 ('046','MEDICINA PREVENTIVA Y SALUD PUBLICA','2','JOSELUND','20190706','JOSELUND','20190706'),
 ('047','MEDICINA INTERNA','1','JOSELUND','20190706','JOSELUND','20190706'),
 ('048','EMERGENCIA','1','JOSELUND','20190706','JOSELUND','20190706'), 
 ('049','CUIDADOS INTENSIVOS','1','JOSELUND','20190706','JOSELUND','20190706')
 GO

 INSERT INTO EXAMEN_LABORATORIO (NOMEXLAB,ESTADO_EXAMLAB,ON_CREATED,FEC_CREATED,ON_UPDATED,FEC_UPDATED)VALUES
 ('HEMOGRAMA COMPLETO','1','JOSELUND','20190706','JOSELUND','20190706'),
 ('HCG SUB UNIDAD BETA, CUALITATIVO','1','JOSELUND','20190706','JOSELUND','20190706'),
 ('IDENTIFICACION DEL SEXO FETAL','1','JOSELUND','20190706','JOSELUND','20190706'),
 ('TRIGLICERIDOS','1','JOSELUND','20190706','JOSELUND','20190706'),
 ('ALGORITMO FIBROMAX','1','JOSELUND','20190706','JOSELUND','20190706'),
 ('ADN','1','JOSELUND','20190706','JOSELUND','20190706'),
 ('PERFIL TIROIDEO','1','JOSELUND','20190706','JOSELUND','20190706'),
 ('PERFIL HEPATICO','1','JOSELUND','20190706','JOSELUND','20190706'),
 ('LITIO','1','JOSELUND','20190706','JOSELUND','20190706'),
 ('UROCULTIVO','1','JOSELUND','20190706','JOSELUND','20190706')
 GO

 INSERT INTO MEDICAMENTO (NOMMEDICAMENTO,CONCENTRACION,APLICACION,ESTADO_MEDICAMENTO,ON_CREATED,FEC_CREATED,ON_UPDATED,FEC_UPDATED) VALUES
('ACICLOVIR','200 mg','TABLETA','1','JOSELUND','20190706','JOSELUND','20190706'), 
('ACICLOVIR','250 mg','INYECTABLE','1','JOSELUND','20190706','JOSELUND','20190706'),
('ACIDO ACETILSALICILICO','100 mg','TABLETA','1','JOSELUND','20190706','JOSELUND','20190706'),
('ACIDO FOLICO','500 ug','TABLETA','1','JOSELUND','20190706','JOSELUND','20190706'),
('ACITRETINA *','25 mg','TABLETA','1','JOSELUND','20190706','JOSELUND','20190706'),
('ADENOSINA *','6 mg/2mL','INYECTABLE','1','JOSELUND','20190706','JOSELUND','20190706'),
('AGENTES SURFACTANTES','','INYECTABLE','1','JOSELUND','20190706','JOSELUND','20190706'),
('AGUA DESTILADA','','INYECTABLE','1','JOSELUND','20190706','JOSELUND','20190706'),
('AGUA DESTILADA','','INYECTABLE','1','JOSELUND','20190706','JOSELUND','20190706'),
('ALBENDAZOL','100 mg/5 mL','SUSPENSI흁','1','JOSELUND','20190706','JOSELUND','20190706'),
('ALBENDAZOL','200 mg','TABLETA','1','JOSELUND','20190706','JOSELUND','20190706'),
('ALENDRONATO SODICO TRIHIDRATO *','70 mg','TABLETA','1','JOSELUND','20190706','JOSELUND','20190706'),
('ALOPURINOL','100 mg','TABLETA','1','JOSELUND','20190706','JOSELUND','20190706'),
('ALOPURINOL *','300 mg','TABLETA','1','JOSELUND','20190706','JOSELUND','20190706'),
('ALPRAZOLAM','500 ug','TABLETA','1','JOSELUND','20190706','JOSELUND','20190706'),
('ALUMINIO HIDROXIDO + MAGNESIO HIDROXIDO','400 - 400 mg/5 mL','SUSPENSI흁','1','JOSELUND','20190706','JOSELUND','20190706'),
('AMIKACINA SULFATO','100 mg','INYECTABLE','1','JOSELUND','20190706','JOSELUND','20190706'),
('AMIKACINA SULFATO','500 mg','INYECTABLE','2','JOSELUND','20190706','JOSELUND','20190706'),
('AMINOFILINA','25 mg/mL','INYECTABLE','1','JOSELUND','20190706','JOSELUND','20190706'),
('AMIODARONA','200 mg','TABLETA','1','JOSELUND','20190706','JOSELUND','20190706'),
('AMIODARONA','50 mg/mL','INYECTABLE','1','JOSELUND','20190706','JOSELUND','20190706'),
('AMITRIPTILINA','25 mg','TABLETA','1','JOSELUND','20190706','JOSELUND','20190706'),
('AMLODIPINO','5 mg','TABLETA','1','JOSELUND','20190706','JOSELUND','20190706'),
('AMOXICILINA + ACIDO CLAVULANICO','250 mg + 62.5 mg/5 mL','SUSPENSI흁','1','JOSELUND','20190706','JOSELUND','20190706'),
('AMOXICILINA + ACIDO CLAVULANICO','500 mg + 125 mg','TABLETA','1','JOSELUND','20190706','JOSELUND','20190706'),
('AMOXICILINA','250 mg','TABLETA','1','JOSELUND','20190706','JOSELUND','20190706'),
('AMOXICILINA','250 mg/5 mL','SUSPENSI흁','2','JOSELUND','20190706','JOSELUND','20190706'),
('AMOXICILINA','500 mg','TABLETA','1','JOSELUND','20190706','JOSELUND','20190706'),
('AMPICILINA SODICA CON DILUYENTE','1 g','INYECTABLE','1','JOSELUND','20190706','JOSELUND','20190706'),
('ANASTROZOL *','1 mg','TABLETA','1','JOSELUND','20190706','JOSELUND','20190706'),
('ATENOLOL','100 mg','TABLETA','1','JOSELUND','20190706','JOSELUND','20190706'),
('ATORVASTATINA','20 mg','TABLETA','1','JOSELUND','20190706','JOSELUND','20190706'),
('ATROPINA SULFATO','1 mg/mL','INYECTABLE','1','JOSELUND','20190706','JOSELUND','20190706'),
('ATROPINA SULFATO','500 ug','INYECTABLE','1','JOSELUND','20190706','JOSELUND','20190706'),
('AZATIOPRINA','50 mg','TABLETA','1','JOSELUND','20190706','JOSELUND','20190706'),
('AZITROMICINA','200 mg/5 mL','SUSPENSI흁','1','JOSELUND','20190706','JOSELUND','20190706'),
('AZITROMICINA','500 mg','TABLETA','1','JOSELUND','20190706','JOSELUND','20190706'),
('BECLOMETASONA DIPROPIONATO','250 ug/DOSIS','AEROSOL','1','JOSELUND','20190706','JOSELUND','20190706'),
('BECLOMETASONA DIPROPIONATO','50 ug/DOSIS','AEROSOL','1','JOSELUND','20190706','JOSELUND','20190706'),
('BENCILPENICILINA SODICA CON DILUYENTE','1000000 UI','INYECTABLE','1','JOSELUND','20190706','JOSELUND','20190706'),
('BENZATINA BENCILPENICILINA CON DILUYENTE','1200000 UI','INYECTABLE','1','JOSELUND','20190706','JOSELUND','20190706'),
('BENZOATO DE BENCILO','25 g/100 mL','LOCI흁','1','JOSELUND','20190706','JOSELUND','20190706'),
('BICALUTAMIDA *','150 mg','TABLETA','1','JOSELUND','20190706','JOSELUND','20190706'),
('BIPERIDENO CLORHIDRATO','2 mg','TABLETA','1','JOSELUND','20190706','JOSELUND','20190706'),
('BIPERIDENO LACTATO','5 mg/mL','INYECTABLE','1','JOSELUND','20190706','JOSELUND','20190706'),
('BISMUTO SUBSALICILATO','87.33 mg/5 mL','SUSPENSI흁','1','JOSELUND','20190706','JOSELUND','20190706'),
('BLEOMICINA','15 mg','INYECTABLE','1','JOSELUND','20190706','JOSELUND','20190706'),
('BROMURO DE ROCURONIO *','50 mg','INYECTABLE','1','JOSELUND','20190706','JOSELUND','20190706'),
('BROMURO DE VECURONIO','4 mg','INYECTABLE','1','JOSELUND','20190706','JOSELUND','20190706'),
('BUPIVACAINA (SIN PRESERVANTES)','5 mg/mL','INYECTABLE','1','JOSELUND','20190706','JOSELUND','20190706'),
('CABERGOLINA *','500 ug','TABLETA','1','JOSELUND','20190706','JOSELUND','20190706'),
('CALCIO CARBONATO','500 mg','TABLETA','1','JOSELUND','20190706','JOSELUND','20190706'),
('CALCIO GLUCONATO','100 mg/mL','INYECTABLE','1','JOSELUND','20190706','JOSELUND','20190706'),
('CAPECITABINA *','500 mg','TABLETA','1','JOSELUND','20190706','JOSELUND','20190706'),
('CAPTOPRIL','25 mg','TABLETA','1','JOSELUND','20190706','JOSELUND','20190706'),
('CARBAMAZEPINA','200 mg','TABLETA','1','JOSELUND','20190706','JOSELUND','20190706'),
('CARBIDOPA + LEVODOPA','25 mg + 250 mg','TABLETA','1','JOSELUND','20190706','JOSELUND','20190706'),
('CARBOPLATINO *','10 mg/mL','INYECTABLE','1','JOSELUND','20190706','JOSELUND','20190706'),
('CARBOPLATINO *','10 mg/mL','INYECTABLE','1','JOSELUND','20190706','JOSELUND','20190706'),
('CARVEDILOL *','6.25 mg','TABLETA','1','JOSELUND','20190706','JOSELUND','20190706'),
('CEFALEXINA','500 mg','TABLETA','1','JOSELUND','20190706','JOSELUND','20190706'),
('CEFAZOLINA SODICA CON DILUYENTE','1 g','INYECTABLE','1','JOSELUND','20190706','JOSELUND','20190706'),
('CEFOTAXIMA','500 mg','INYECTABLE','1','JOSELUND','20190706','JOSELUND','20190706'),
('CEFTAZIDIMA CON DILUYENTE','1 g','INYECTABLE','1','JOSELUND','20190706','JOSELUND','20190706'),
('CEFTRIAXONA SODICA CON DILUYENTE','1 g','INYECTABLE','1','JOSELUND','20190706','JOSELUND','20190706'),
('CEFUROXIMA *','250 mg/5 mL','SUSPENSI흁','1','JOSELUND','20190706','JOSELUND','20190706'),
('CICLOFOSFAMIDA','1 g','INYECTABLE','1','JOSELUND','20190706','JOSELUND','20190706'),
('CICLOFOSFAMIDA','200 mg','INYECTABLE','1','JOSELUND','20190706','JOSELUND','20190706'),
('CICLOSPORINA','100 mg/ mL','SOLUCI흁','1','JOSELUND','20190706','JOSELUND','20190706'),
('CILASTATINA + IMIPENEM','500 mg + 500 mg','INYECTABLE','1','JOSELUND','20190706','JOSELUND','20190706'),
('CIPROFLOXACINO','200 mg','INYECTABLE','1','JOSELUND','20190706','JOSELUND','20190706'),
('CIPROFLOXACINO','500 mg','TABLETA','1','JOSELUND','20190706','JOSELUND','20190706'),
('CIPROTERONA','50 mg','TABLETA','1','JOSELUND','20190706','JOSELUND','20190706'),
('CISPLATINO','1 mg/mL','INYECTABLE','1','JOSELUND','20190706','JOSELUND','20190706'),
('CISPLATINO','1 mg/mL','INYECTABLE','1','JOSELUND','20190706','JOSELUND','20190706'),
('CITARABINA (SIN PRESERVANTES)','100 mg','INYECTABLE','1','JOSELUND','20190706','JOSELUND','20190706'),
('CITARABINA','500 mg','INYECTABLE','1','JOSELUND','20190706','JOSELUND','20190706'),
('CLARITROMICINA *','500 mg','TABLETA','1','JOSELUND','20190706','JOSELUND','20190706'),
('CLINDAMICINA','300 mg','TABLETA','1','JOSELUND','20190706','JOSELUND','20190706'),
('CLINDAMICINA','600 mg','INYECTABLE','1','JOSELUND','20190706','JOSELUND','20190706'),
('CLOBETASOL *','50 mg/100 g','CREMA','1','JOSELUND','20190706','JOSELUND','20190706'),
('CLOMIPRAMINA CLORHIDRATO','25 mg','TABLETA','1','JOSELUND','20190706','JOSELUND','20190706'),
('CLONAZEPAM','500 ug','TABLETA','1','JOSELUND','20190706','JOSELUND','20190706'),
('CLONAZEPAM *','2 mg','TABLETA','1','JOSELUND','20190706','JOSELUND','20190706'),
('CLORANFENICOL PALMITATO','250 mg/5 mL','SUSPENSI흁','1','JOSELUND','20190706','JOSELUND','20190706'),
('CLORANFENICOL SUCCINATO SODICO','1 g','INYECTABLE','1','JOSELUND','20190706','JOSELUND','20190706'),
('CLORANFENICOL','500 mg','TABLETA','1','JOSELUND','20190706','JOSELUND','20190706'),
('CLORFENAMINA MALEATO','10 mg/mL','INYECTABLE','1','JOSELUND','20190706','JOSELUND','20190706'),
('CLORFENAMINA MALEATO','2 mg/5 mL','JARABE','2','JOSELUND','20190706','JOSELUND','20190706'),
('CLORFENAMINA MALEATO','4 mg','TABLETA','1','JOSELUND','20190706','JOSELUND','20190706'),
('CLORPROMAZINA CLORHIDRATO','100 mg','TABLETA','1','JOSELUND','20190706','JOSELUND','20190706'),
('CLORPROMAZINA CLORHIDRATO','25 mg','INYECTABLE','1','JOSELUND','20190706','JOSELUND','20190706'),
('CLORURO DE SUXAMETONIO','50 mg/mL','INYECTABLE','1','JOSELUND','20190706','JOSELUND','20190706'),
('CLOTRIMAZOL','1 g/100 g','CREMA','1','JOSELUND','20190706','JOSELUND','20190706'),
('CLOTRIMAZOL','500 mg','OVULO','2','JOSELUND','20190706','JOSELUND','20190706'),
('CLOZAPINA','100 mg','TABLETA','1','JOSELUND','20190706','JOSELUND','20190706'),
('CODEINA','15 mg/5 mL','JARABE','1','JOSELUND','20190706','JOSELUND','20190706'),
('CODEINA','30 mg/mL','INYECTABLE','1','JOSELUND','20190706','JOSELUND','20190706'),
('COLCHICINA','500 ug','TABLETA','1','JOSELUND','20190706','JOSELUND','20190706'),
('DACARBAZINA','200 mg','INYECTABLE','1','JOSELUND','20190706','JOSELUND','20190706'),
('DANAZOL *','200 mg','TABLETA','1','JOSELUND','20190706','JOSELUND','20190706'),
('DAUNORUBICINA','20 mg','INYECTABLE','1','JOSELUND','20190706','JOSELUND','20190706'),
('DEXAMETASONA FOSFATO','4 mg/2mL','INYECTABLE','1','JOSELUND','20190706','JOSELUND','20190706'),
('DEXAMETASONA','500 ug','TABLETA','1','JOSELUND','20190706','JOSELUND','20190706'),
('DEXTROMETORFANO BROMHIDRATO','15 mg/5 mL','JARABE','1','JOSELUND','20190706','JOSELUND','20190706'),
('DEXTROSA','10 g/100mL (10 %)','INYECTABLE','1','JOSELUND','20190706','JOSELUND','20190706'),
('DEXTROSA','333 mg/mL (33 %)','INYECTABLE','1','JOSELUND','20190706','JOSELUND','20190706'),
('DEXTROSA','5 g/100mL (5%)','INYECTABLE','1','JOSELUND','20190706','JOSELUND','20190706'),
('DIAZEPAM','5 mg/mL','INYECTABLE','1','JOSELUND','20190706','JOSELUND','20190706'),
('DIAZEPAM','10 mg','TABLETA','1','JOSELUND','20190706','JOSELUND','20190706'),
('DICLOFENACO','25 mg/mL','INYECTABLE','1','JOSELUND','20190706','JOSELUND','20190706'),
('DICLOXACILINA','250 mg','TABLETA','1','JOSELUND','20190706','JOSELUND','20190706'),
('DICLOXACILINA','250 mg/5 mL','SUSPENSI흁','2','JOSELUND','20190706','JOSELUND','20190706'),
('DICLOXACILINA','500 mg','TABLETA','1','JOSELUND','20190706','JOSELUND','20190706'),
('DIGOXINA','250 ug','TABLETA','1','JOSELUND','20190706','JOSELUND','20190706'),
('DILTIAZEM *','60 mg','TABLETA','1','JOSELUND','20190706','JOSELUND','20190706'),
('DIMENHIDRINATO','50 mg','INYECTABLE','1','JOSELUND','20190706','JOSELUND','20190706'),
('DIMENHIDRINATO','50 mg','TABLETA','1','JOSELUND','20190706','JOSELUND','20190706'),
('DINITRATO DE ISOSORBIDA (SUBLINGUAL)','5 mg','TABLETA','1','JOSELUND','20190706','JOSELUND','20190706'),
('DOBUTAMINA','250 mg/20mL','INYECTABLE','2','JOSELUND','20190706','JOSELUND','20190706'),
('DOCETAXEL *','80 mg/2mL','INYECTABLE','1','JOSELUND','20190706','JOSELUND','20190706'),
('DOPAMINA CLORHIDRATO','40 mg/mL','INYECTABLE','1','JOSELUND','20190706','JOSELUND','20190706'),
('DOXICICLINA','100 mg','TABLETA','1','JOSELUND','20190706','JOSELUND','20190706'),
('DOXORUBICINA','10 mg','INYECTABLE','1','JOSELUND','20190706','JOSELUND','20190706'),
('DOXORUBICINA','50 mg','INYECTABLE','1','JOSELUND','20190706','JOSELUND','20190706'),
('ENALAPRIL','10 mg','TABLETA','1','JOSELUND','20190706','JOSELUND','20190706'),
('EPINEFRINA (COMO CLORHIDRATO O TARTRATO)','1 mg','INYECTABLE','1','JOSELUND','20190706','JOSELUND','20190706'),
('EPIRUBICINA *','50 mg','INYECTABLE','1','JOSELUND','20190706','JOSELUND','20190706'),
('ERGOMETRINA MALEATO','200 ug/mL','INYECTABLE','1','JOSELUND','20190706','JOSELUND','20190706'),
('ERITROMICINA','250 mg/5 mL','SUSPENSI흁','1','JOSELUND','20190706','JOSELUND','20190706'),
('ERITROMICINA','500 mg','TABLETA','1','JOSELUND','20190706','JOSELUND','20190706'),
('ESCOPOLAMINA N-BUTILBROMURO','10 mg','TABLETA','1','JOSELUND','20190706','JOSELUND','20190706'),
('ESCOPOLAMINA N-BUTILBROMURO','20 mg','INYECTABLE','1','JOSELUND','20190706','JOSELUND','20190706'),
('ESPIRONOLACTONA','25 mg','TABLETA','1','JOSELUND','20190706','JOSELUND','20190706'),
('ESPIRONOLACTONA','100 mg','TABLETA','1','JOSELUND','20190706','JOSELUND','20190706'),
('ESTRIOL','100 mg/100 g','CREMA','1','JOSELUND','20190706','JOSELUND','20190706'),
('ESTROGENOS CONJUGADOS NATURALES','625 ug','TABLETA','1','JOSELUND','20190706','JOSELUND','20190706'),
('ETILEFRINA','10 mg','INYECTABLE','1','JOSELUND','20190706','JOSELUND','20190706'),
('ETOPOSIDO','100 mg','INYECTABLE','1','JOSELUND','20190706','JOSELUND','20190706'),
('FENITOINA SODICA','100 mg','INYECTABLE','1','JOSELUND','20190706','JOSELUND','20190706'),
('FENITOINA SODICA','100 mg','TABLETA','1','JOSELUND','20190706','JOSELUND','20190706'),
('FENOBARBITAL SODICO','100 mg','TABLETA','1','JOSELUND','20190706','JOSELUND','20190706'),
('FENOBARBITAL SODICO','100 mg/mL','INYECTABLE','1','JOSELUND','20190706','JOSELUND','20190706'),
('FENOXIMETILPENICILINA POTASICA','1000000 UI','TABLETA','1','JOSELUND','20190706','JOSELUND','20190706'),
('FENTANILO *','50 ug/mL','INYECTABLE','1','JOSELUND','20190706','JOSELUND','20190706'),
('FERROSO SULFATO HEPTAHIDRATO','15 mg/5 mL','JARABE','1','JOSELUND','20190706','JOSELUND','20190706'),
('FERROSO SULFATO HEPTAHIDRATO','300 mg','TABLETA','1','JOSELUND','20190706','JOSELUND','20190706'),
('FITOMENADIONA','10 mg/mL','INYECTABLE','1','JOSELUND','20190706','JOSELUND','20190706'),
('FLUCONAZOL','150 mg','TABLETA','1','JOSELUND','20190706','JOSELUND','20190706'),
('FLUCONAZOL','2 mg/mL','INYECTABLE','1','JOSELUND','20190706','JOSELUND','20190706'),
('FLUFENAZINA DECANOATO O ENANTATO','25 mg/mL','INYECTABLE','1','JOSELUND','20190706','JOSELUND','20190706'),
('FLUMAZENIL','100 ug/mL','INYECTABLE','1','JOSELUND','20190706','JOSELUND','20190706'),
('FLUOROURACILO','50 mg/mL','INYECTABLE','1','JOSELUND','20190706','JOSELUND','20190706'),
('FLUOROURACILO','500 mg','INYECTABLE','1','JOSELUND','20190706','JOSELUND','20190706'),
('FLUOXETINA CLORHIDRATO','20 mg','TABLETA','1','JOSELUND','20190706','JOSELUND','20190706'),
('FLUTAMIDA','250 mg','TABLETA','1','JOSELUND','20190706','JOSELUND','20190706'),
('FOLINATO CALCICO','50 mg','INYECTABLE','1','JOSELUND','20190706','JOSELUND','20190706'),
('FOLINATO CALCICO','15 mg','TABLETA','1','JOSELUND','20190706','JOSELUND','20190706'),
('FURAZOLIDONA','100 mg','TABLETA','2','JOSELUND','20190706','JOSELUND','20190706'),
('FURAZOLIDONA','50 mg/5 mL','SUSPENSI흁','2','JOSELUND','20190706','JOSELUND','20190706'),
('FUROSEMIDA','10 mg/mL','INYECTABLE','1','JOSELUND','20190706','JOSELUND','20190706'),
('FUROSEMIDA','40 mg','TABLETA','1','JOSELUND','20190706','JOSELUND','20190706'),
('GEMFIBROZILO *','600 mg','TABLETA','1','JOSELUND','20190706','JOSELUND','20190706'),
('GENTAMICINA SULFATO','40 mg/mL','INYECTABLE','1','JOSELUND','20190706','JOSELUND','20190706'),
('GLIBENCLAMIDA','5 mg','TABLETA','1','JOSELUND','20190706','JOSELUND','20190706'),
('HALOPERIDOL DECANOATO','50 mg','INYECTABLE','1','JOSELUND','20190706','JOSELUND','20190706'),
('HALOPERIDOL','10 mg','TABLETA','1','JOSELUND','20190706','JOSELUND','20190706'),
('HALOPERIDOL','5 mg','INYECTABLE','1','JOSELUND','20190706','JOSELUND','20190706'),
('HEPARINA SODICA','25000 UI/5mL','INYECTABLE','1','JOSELUND','20190706','JOSELUND','20190706'),
('HEPARINA SODICA','5000 UI/5mL','INYECTABLE','1','JOSELUND','20190706','JOSELUND','20190706'),
('HIDROCLOROTIAZIDA','25 mg','TABLETA','1','JOSELUND','20190706','JOSELUND','20190706'),
('HIDROCORTISONA SUCCINATO SODICO','100 mg','INYECTABLE','1','JOSELUND','20190706','JOSELUND','20190706'),
('HIDROXICARBAMIDA','500 mg','TABLETA','1','JOSELUND','20190706','JOSELUND','20190706'),
('HIDROXOCOBALAMINA','1 mg','INYECTABLE','1','JOSELUND','20190706','JOSELUND','20190706'),
('IBUPROFENO','100 mg/5 mL','SUSPENSI흁','1','JOSELUND','20190706','JOSELUND','20190706'),
('IBUPROFENO','400 mg','TABLETA','1','JOSELUND','20190706','JOSELUND','20190706'),
('IFOSFAMIDA','1 g','INYECTABLE','1','JOSELUND','20190706','JOSELUND','20190706'),
('IMATINIB MESILATO *','400 mg','TABLETA','1','JOSELUND','20190706','JOSELUND','20190706'),
('IODAMIDA MEGLUMINA','650 mg/mL','INYECTABLE','1','JOSELUND','20190706','JOSELUND','20190706'),
('IOPAMIDOL','300 mg/mL','INYECTABLE','1','JOSELUND','20190706','JOSELUND','20190706'),
('IOPAMIDOL','300 mg/mL','INYECTABLE','1','JOSELUND','20190706','JOSELUND','20190706'),
('IOPAMIDOL','370 mg/mL','INYECTABLE','1','JOSELUND','20190706','JOSELUND','20190706'),
('ISOTRETINOINA *','20 mg','TABLETA','1','JOSELUND','20190706','JOSELUND','20190706'),
('ITRACONAZOL *','100 mg','TABLETA','1','JOSELUND','20190706','JOSELUND','20190706'),
('KETAMINA','50 mg/mL','INYECTABLE','1','JOSELUND','20190706','JOSELUND','20190706'),
('LACTULOSA','3.33 g/5 mL','SUSPENSI흁','1','JOSELUND','20190706','JOSELUND','20190706'),
('LATANOPROST *','50 ug/ mL','SOLUCI흁','1','JOSELUND','20190706','JOSELUND','20190706'),
('LEUPRORELINA *','7.5 mg','INYECTABLE','1','JOSELUND','20190706','JOSELUND','20190706'),
('LEVOMEPROMAZINA','100 mg','TABLETA','1','JOSELUND','20190706','JOSELUND','20190706'),
('LEVOTIROXINA SODICA','100 ug','TABLETA','1','JOSELUND','20190706','JOSELUND','20190706'),
('LIDOCAINA CLORHIDRATO + EPINEFRINA','20 mg + 10 ug/mL','INYECTABLE','1','JOSELUND','20190706','JOSELUND','20190706'),
('LIDOCAINA CLORHIDRATO + EPINEFRINA','20 mg + 10 ug/mL','INYECTABLE','1','JOSELUND','20190706','JOSELUND','20190706'),
('LIDOCAINA CLORHIDRATO CON PRESERVANTES','2 g/100mL (2 %)','INYECTABLE','1','JOSELUND','20190706','JOSELUND','20190706'),
('LIDOCAINA CLORHIDRATO SIN PRESERVANTES','2 g/100mL (2 %)','INYECTABLE','1','JOSELUND','20190706','JOSELUND','20190706'),
('LITIO CARBONATO','300 mg','TABLETA','1','JOSELUND','20190706','JOSELUND','20190706'),
('LORATADINA','10 mg','TABLETA','1','JOSELUND','20190706','JOSELUND','20190706'),
('LORATADINA','5 mg/5 mL','JARABE','1','JOSELUND','20190706','JOSELUND','20190706'),
('MAGNESIO SULFATO','200 mg/mL','INYECTABLE','1','JOSELUND','20190706','JOSELUND','20190706'),
('MANITOL','20 g/100mL (20 %)','INYECTABLE','2','JOSELUND','20190706','JOSELUND','20190706'),
('MANITOL','20 g/100mL (20 %)','INYECTABLE','2','JOSELUND','20190706','JOSELUND','20190706'),
('MEDROXIPROGESTERONA ACETATO','5 mg','TABLETA','1','JOSELUND','20190706','JOSELUND','20190706'),
('MERCAPTOPURINA','50 mg','TABLETA','1','JOSELUND','20190706','JOSELUND','20190706'),
('MEROPENEM','500 mg','INYECTABLE','1','JOSELUND','20190706','JOSELUND','20190706'),
('MESNA','100 mg/mL','INYECTABLE','1','JOSELUND','20190706','JOSELUND','20190706'),
('METAMIZOL SODICO','1 g','INYECTABLE','1','JOSELUND','20190706','JOSELUND','20190706'),
('METFORMINA CLORHIDRATO','850 mg','TABLETA','1','JOSELUND','20190706','JOSELUND','20190706'),
('METILDOPA','250 mg','TABLETA','1','JOSELUND','20190706','JOSELUND','20190706'),
('METILPREDNISOLONA','500 mg','INYECTABLE','1','JOSELUND','20190706','JOSELUND','20190706'),
('METOCLOPRAMIDA CLORHIDRATO','5 mg/mL','INYECTABLE','1','JOSELUND','20190706','JOSELUND','20190706'),
('METOTREXATO SODICO','2.5 mg','TABLETA','1','JOSELUND','20190706','JOSELUND','20190706'),
('METOTREXATO SODICO','25 mg/mL','INYECTABLE','1','JOSELUND','20190706','JOSELUND','20190706'),
('METOTREXATO SODICO','500 mg','INYECTABLE','1','JOSELUND','20190706','JOSELUND','20190706'),
('METRONIDAZOL','250 mg/5 mL','SUSPENSI흁','1','JOSELUND','20190706','JOSELUND','20190706'),
('METRONIDAZOL','500 mg','INYECTABLE','1','JOSELUND','20190706','JOSELUND','20190706'),
('METRONIDAZOL','500 mg','TABLETA','1','JOSELUND','20190706','JOSELUND','20190706'),
('MIDAZOLAM','5 mg','INYECTABLE','1','JOSELUND','20190706','JOSELUND','20190706'),
('MIRTAZAPINA *','30 mg','TABLETA','1','JOSELUND','20190706','JOSELUND','20190706'),
('MITOMICINA','2 mg','INYECTABLE','1','JOSELUND','20190706','JOSELUND','20190706'),
('MONONITRATO DE ISOSORBIDA','20 mg','TABLETA','1','JOSELUND','20190706','JOSELUND','20190706'),
('NAPROXENO *','250 mg','TABLETA','1','JOSELUND','20190706','JOSELUND','20190706'),
('NAPROXENO','500 mg','TABLETA','1','JOSELUND','20190706','JOSELUND','20190706'),
('NEOSTIGMINA METILSULFATO','500 ug/mL','INYECTABLE','1','JOSELUND','20190706','JOSELUND','20190706'),
('NIMODIPINO *','30 mg','TABLETA','1','JOSELUND','20190706','JOSELUND','20190706'),
('NISTATINA','100000 UI/mL','SUSPENSI흁','1','JOSELUND','20190706','JOSELUND','20190706'),
('NITROFURANTOINA','100 mg','TABLETA','1','JOSELUND','20190706','JOSELUND','20190706'),
('NITROFURANTOINA','25 mg/5 mL','SUSPENSI흁','1','JOSELUND','20190706','JOSELUND','20190706'),
('OLEATO DE MONOETANOLAMINA *','50 mg/mL','INYECTABLE','1','JOSELUND','20190706','JOSELUND','20190706'),
('OMEPRAZOL','20 mg','TABLETA','1','JOSELUND','20190706','JOSELUND','20190706'),
('OMEPRAZOL *','40 mg','INYECTABLE','1','JOSELUND','20190706','JOSELUND','20190706'),
('ONDANSETRON CLORHIDRATO','2 mg/mL','INYECTABLE','1','JOSELUND','20190706','JOSELUND','20190706'),
('ONDANSETRON CLORHIDRATO','8 mg','TABLETA','1','JOSELUND','20190706','JOSELUND','20190706'),
('ORFENADRINA *','100 mg','TABLETA','1','JOSELUND','20190706','JOSELUND','20190706'),
('OXACILINA','1 g','INYECTABLE','2','JOSELUND','20190706','JOSELUND','20190706'),
('OXACILINA *','500 mg','INYECTABLE','1','JOSELUND','20190706','JOSELUND','20190706'),
('OXALIPLATINO *','50 mg','INYECTABLE','2','JOSELUND','20190706','JOSELUND','20190706'),
('OXITOCINA','10 UI','INYECTABLE','1','JOSELUND','20190706','JOSELUND','20190706'),
('PACLITAXEL','30 mg','INYECTABLE','1','JOSELUND','20190706','JOSELUND','20190706'),
('PACLITAXEL *','300 mg','INYECTABLE','1','JOSELUND','20190706','JOSELUND','20190706'),
('PARACETAMOL','100 mg/ mL','SOLUCI흁','1','JOSELUND','20190706','JOSELUND','20190706'),
('PARACETAMOL','120 mg/5 mL','JARABE','1','JOSELUND','20190706','JOSELUND','20190706'),
('PARACETAMOL','500 mg','TABLETA','1','JOSELUND','20190706','JOSELUND','20190706'),
('PERMETRINA','5 g/100 g','CREMA','1','JOSELUND','20190706','JOSELUND','20190706'),
('PIRIDOSTIGMINA BROMURO','60 mg','TABLETA','1','JOSELUND','20190706','JOSELUND','20190706'),
('POLIGELINA','3.5 g/100mL (3.5 %)','INYECTABLE','2','JOSELUND','20190706','JOSELUND','20190706'),
('POTASIO CLORURO','20 g/100mL','INYECTABLE','1','JOSELUND','20190706','JOSELUND','20190706'),
('PREDNISOLONA','10 mg/mL','SUSPENSI흁','1','JOSELUND','20190706','JOSELUND','20190706'),
('PREDNISONA','20 mg','TABLETA','1','JOSELUND','20190706','JOSELUND','20190706'),
('PREDNISONA','5 mg','TABLETA','1','JOSELUND','20190706','JOSELUND','20190706'),
('PREDNISONA','5 mg/5 mL','JARABE','1','JOSELUND','20190706','JOSELUND','20190706'),
('PREDNISONA','50 mg','TABLETA','1','JOSELUND','20190706','JOSELUND','20190706'),
('PROPOFOL *','1% (10 mg/mL)','INYECTABLE','1','JOSELUND','20190706','JOSELUND','20190706'),
('PROPRANOLOL CLORHIDRATO','40 mg','TABLETA','2','JOSELUND','20190706','JOSELUND','20190706'),
('RANITIDINA','150 mg','TABLETA','1','JOSELUND','20190706','JOSELUND','20190706'),
('RANITIDINA','25 mg/mL','INYECTABLE','1','JOSELUND','20190706','JOSELUND','20190706'),
('RANITIDINA','300 mg','TABLETA','1','JOSELUND','20190706','JOSELUND','20190706'),
('RISPERIDONA','2 mg','TABLETA','1','JOSELUND','20190706','JOSELUND','20190706'),
('SALBUTAMOL SULFATO','4 mg','TABLETA','1','JOSELUND','20190706','JOSELUND','20190706'),
('SALBUTAMOL','100 ug/DOSIS','AEROSOL','1','JOSELUND','20190706','JOSELUND','20190706'),
('SALES DE REHIDRATACION ORAL','','POLVO','1','JOSELUND','20190706','JOSELUND','20190706'),
('SIMVASTATINA *','40 mg','TABLETA','1','JOSELUND','20190706','JOSELUND','20190706'),
('SODIO BICARBONATO','8.4 g/100mL (8.4 %)','INYECTABLE','1','JOSELUND','20190706','JOSELUND','20190706'),
('SODIO CLORURO','900 mg/100 mL (0.9 %)','INYECTABLE','1','JOSELUND','20190706','JOSELUND','20190706'),
('SODIO CLORURO','900 mg/100 mL (0.9 %)','INYECTABLE','1','JOSELUND','20190706','JOSELUND','20190706'),
('SODIO CLORURO','20 g/100 mL (20 %)','INYECTABLE','1','JOSELUND','20190706','JOSELUND','20190706'),
('SODIO CLORURO','900 mg/100 mL (0.9 %)','INYECTABLE','1','JOSELUND','20190706','JOSELUND','20190706'),
('SOLUCION POLIELECTROLITICA','','SOLUCI흁','1','JOSELUND','20190706','JOSELUND','20190706'),
('SULFADIAZINA DE PLATA','1 g/100 g','CREMA','1','JOSELUND','20190706','JOSELUND','20190706'),
('SULFAMETOXAZOL + TRIMETOPRIMA','200 mg + 40 mg/5 mL','SUSPENSI흁','2','JOSELUND','20190706','JOSELUND','20190706'),
('SULFAMETOXAZOL + TRIMETOPRIMA','400 mg + 80 mg','TABLETA','1','JOSELUND','20190706','JOSELUND','20190706'),
('SULFAMETOXAZOL + TRIMETOPRIMA','800 mg + 160 mg','TABLETA','1','JOSELUND','20190706','JOSELUND','20190706'),
('SULFASALAZINA','500 mg','TABLETA','1','JOSELUND','20190706','JOSELUND','20190706'),
('TAMOXIFENO CITRATO','20 mg','TABLETA','1','JOSELUND','20190706','JOSELUND','20190706'),
('TAMSULOSINA *','400 ug','TABLETA','1','JOSELUND','20190706','JOSELUND','20190706'),
('TETRACICLINA CLORHIDRATO','1 g/100 g','UNG㏊NTO','1','JOSELUND','20190706','JOSELUND','20190706'),
('TIAMINA CLORHIDRATO','100 mg','TABLETA','1','JOSELUND','20190706','JOSELUND','20190706'),
('TIMOLOL MALEATO','5 mg/ mL','SOL_OFT','1','JOSELUND','20190706','JOSELUND','20190706'),
('TIOPENTAL SODICO','1 g','INYECTABLE','2','JOSELUND','20190706','JOSELUND','20190706'),
('TRAMADOL *','50 mg','TABLETA','1','JOSELUND','20190706','JOSELUND','20190706'),
('TRIAMCINOLONA ACETONIDO *','50 mg/5mL','INYECTABLE','1','JOSELUND','20190706','JOSELUND','20190706'),
('TRIFLUOPERAZINA','5 mg','TABLETA','1','JOSELUND','20190706','JOSELUND','20190706'),
('VALPROATO SODICO','500 mg','TABLETA','1','JOSELUND','20190706','JOSELUND','20190706'),
('VANCOMICINA CLORHIDRATO','500 mg','INYECTABLE','1','JOSELUND','20190706','JOSELUND','20190706'),
('VINCRISTINA SULFATO','1 mg / mL','INYECTABLE','1','JOSELUND','20190706','JOSELUND','20190706'),
('WARFARINA SODICA','5 mg','TABLETA','2','JOSELUND','20190706','JOSELUND','20190706'),
('ZOLPIDEM *','10 mg','TABLETA','2','JOSELUND','20190706','JOSELUND','20190706')
 GO

-----------------------------------------</>------------------------------------------
-----------------------------------------</>------------------------------------------

--CREACION DE VISTAS

CREATE VIEW VW_MEDICO
AS
SELECT	CODIGOMED AS CODIGO, 
		(NOMMED+''+APEPATMED+''+APEMATMED) AS NOMBRE,
		(DATEDIFF(D, FECNACMED, GETDATE())/365) AS EDAD,
		TELFMED AS TELEFONO,
		CORREOMED AS 'E-MAIL',
		CASE TURNO
			WHEN 1 THEN 'MA헤NA'
			WHEN 2 THEN 'TARDE'
			WHEN 3 THEN 'NOCHE'
		END AS TURNO,
		DIRECMED+''+DISTRITO+''+PROVINCIA+''+DEPARTAMENTO AS DIRECCION,
		NOMESPECIALIDAD AS ESPECIALIDAD,
		NOMAREA AS DEPARTAMENTO
	FROM MEDICO M INNER JOIN UBIGEO U ON M.CODIGOUBIGEO = U.CODIGOUBIGEO
				  INNER JOIN ESPECIALIDAD E ON M.CODIGOESPEC = E.CODIGOESPEC
				  INNER JOIN AREA A ON M.CODIGOAREA = A.CODIGOAREA
GO

CREATE VIEW VW_CITA
AS
SELECT	NUMEROCITA AS 'NUMERO DE CITA',
		CP.CODIGOPC AS 'COPDIGO DEL PACIENTE',
		NOMPC AS 'NOMBRE DEL PACIENTE',
		NOMMED AS 'MEDICO A CARGO',
		CP.CODIGOAREA AS DEPARTAMENTO,
		FECCITA AS DIA,
		HORACITA AS HORA,
		TELFCONTACTO AS 'TELEFONO PACIENTE',
		CORREOCONTACTO AS 'EMAIL PACIENTE',
		CASE ESTADO_CITA
			WHEN 1 THEN 'PENDIENTE'
			WHEN 2 THEN 'SIN VIGENCIA'
		END AS ESTADO
	FROM CITA_PACIENTE CP INNER JOIN PACIENTE P ON CP.CODIGOPC = P.CODIGOPC
						  INNER JOIN MEDICO M ON CP.CODIGOMED = M.CODIGOMED
						  INNER JOIN AREA A ON CP.CODIGOAREA = A.CODIGOAREA
GO

CREATE VIEW VW_RECETA 
AS
SELECT	RM.NUMERORECETA AS NUMERO,
		FECRECETA AS 'FECHA DE RECETA',
		P.CODIGOPC AS PACIENTE,
		M.CODIGOMED AS MEDICO,
		DR.CODIGOMEDICAMENTO AS 'CODIGO MEDICAMENTO',
		NOMMEDICAMENTO AS 'NOMBRE MEDICAMENTO',
		PRECIOUNIT AS 'PRECIO UNITARIO',
		DESCUENTO,
		CANTIDAD,
		SUM(PRECIOUNIT*CANTIDAD) AS TOTAL,
		((SUM(PRECIOUNIT*CANTIDAD))/1.18) AS SUBTOTAL,
		((SUM(PRECIOUNIT*CANTIDAD))-((SUM(PRECIOUNIT*CANTIDAD))/1.18)) AS IGV
	FROM RECETA_MEDICA RM INNER JOIN PACIENTE P ON RM.CODIGOPC=P.CODIGOPC
						  INNER JOIN MEDICO M ON RM.CODIGOMED=M.CODIGOMED
						  INNER JOIN DETALLE_RECETA DR ON RM.NUMERORECETA= DR.NUMERORECETA
						  INNER JOIN MEDICAMENTO MD ON DR.CODIGOMEDICAMENTO = MD.CODIGOMEDICAMENTO
	GROUP BY RM.NUMERORECETA,FECRECETA,P.CODIGOPC,M.CODIGOMED,DR.CODIGOMEDICAMENTO,NOMMEDICAMENTO,PRECIOUNIT,DESCUENTO,CANTIDAD
GO

-----------------------------------------</>------------------------------------------
-----------------------------------------</>------------------------------------------

--CREACION DE STORE PROCEDURE

--TABLA PACIENTE

CREATE PROCEDURE SP_LISTARPACIENTE
AS
SELECT	DNIPC AS 'DNI PACIENTE',
		NOMPC+''+APEPATPC+''+APEMATPC AS 'NOMBRE PACIENTE',
		CONVERT(VARCHAR, FECNACPC, 103) AS 'FECHA DE NACIMIENTO',
		TELFPC AS 'TELEFONO PACIENTE',
		CORREOPC AS 'E-MAIL PACIENTE',
		SEXOPC AS 'SEXO',
		CASE ESTADO_PC 
			WHEN 1 THEN 'ACTIVO'
			WHEN 2 THEN 'INACTIVO'
		END AS ESTADO,
		ON_CREATED AS 'USUARIO CREADOR',
		CONVERT(VARCHAR, FEC_CREATED, 103) AS 'FECHA DE CREACION',
		ON_UPDATED AS 'USUARIO MODIFICADOR',
		CONVERT(VARCHAR, FEC_UPDATED, 103) AS 'FECHA DE MODIFICACI흁'
	FROM PACIENTE
GO

CREATE PROCEDURE SP_INSERTARPACIENTE
@VCODIGOPC INT,
@VNOMPC VARCHAR(20),
@VAPEPATPC VARCHAR(15),
@VAPEMATPC VARCHAR(15),
@VFECNACPC DATE,
@VTELFPC VARCHAR(15),
@VDIRECPC VARCHAR(20),
@VCORREOPC VARCHAR(40),
@VSEXOPC CHAR(1),
@VDNIPC CHAR(8),
@VCODIGOUBIGEO CHAR(4),
@VESTADO_PC INT,
@VON_CREATED VARCHAR(100),
@VFEC_CREATED DATE,
@VON_UPDATE VARCHAR(100),
@VFEC_UPDATE DATE
AS
INSERT INTO PACIENTE VALUES(@VNOMPC,@VAPEPATPC,@VAPEMATPC,@VFECNACPC,@VTELFPC,@VDIRECPC,@VCORREOPC,
							@VSEXOPC,@VDNIPC,@VCODIGOUBIGEO,@VESTADO_PC,@VON_CREATED,@VFEC_CREATED,@VON_UPDATE,@VFEC_UPDATE)
SET @VCODIGOPC = SCOPE_IDENTITY()
GO
exec SP_INSERTARPACIENTE '34','ALEXANDRA', 'ASTRID','ROMAN', 
'19971005', '964683749','JR.ULAULA 779', 'AROMAN@GMAIL.COM','M',
'42324522','0003','1','JOSELUND','20190706','JOSELUND','20190706'
GO
SELECT*FROM PACIENTE
GO

CREATE PROCEDURE SP_ACTUALIZARPACIENTE
@VCODIGOPC INT,
@VNOMPC VARCHAR(20),
@VAPEPATPC VARCHAR(15),
@VAPEMATPC VARCHAR(15),
@VFECNACPC DATE,
@VTELFPC VARCHAR(15),
@VDIRECPC VARCHAR(20),
@VCORREOPC VARCHAR(40),
@VSEXOPC CHAR(1),
@VDNIPC CHAR(8),
@VCODIGOUBIGEO CHAR(4),
@VESTADO_PC INT,
@VON_CREATED VARCHAR(100),
@VFEC_CREATED DATE,
@VON_UPDATE VARCHAR(100),
@VFEC_UPDATE DATE
AS
UPDATE PACIENTE SET	NOMPC=@VNOMPC,APEPATPC=@VAPEPATPC,
					APEMATPC=@VAPEMATPC,FECNACPC=@VFECNACPC,TELFPC=@VTELFPC,
					DIRECPC=@VDIRECPC,CORREOPC=@VCORREOPC,SEXOPC=@VSEXOPC,
					DNIPC=@VDNIPC,CODIGOUBIGEO=@VCODIGOUBIGEO,ESTADO_PC=@VESTADO_PC,
					ON_CREATED=@VON_CREATED,FEC_CREATED=@VFEC_CREATED,
					ON_UPDATED=@VON_UPDATE,FEC_UPDATED=@VFEC_UPDATE
WHERE CODIGOPC=@VCODIGOPC
GO

exec SP_ACTUALIZARPACIENTE '20','KAORI', 'MURAKAMI','SOTO', 
'19911115', '964644448','JR.SORIANO 689', 'KMURAKAMI@GMAIL.COM','M',
'42225922','0003','1','JOSELUND','20190706','JOSELUND','20190706'
GO
SELECT*FROM PACIENTE
GO

CREATE PROCEDURE SP_ELIMINARPACIENTE
@VCODIGOPC INT
AS
	DELETE FROM PACIENTE where CODIGOPC=@VCODIGOPC
GO

EXEC  SP_ELIMINARPACIENTE 34
GO

CREATE PROCEDURE SP_CONSULTARPACIENTE
@VCODIGOPC INT
AS 
SELECT	DNIPC AS 'DNI PACIENTE',
		NOMPC+''+APEPATPC+''+APEMATPC AS 'NOMBRE PACIENTE',
		CONVERT(VARCHAR, FECNACPC, 103) AS 'FECHA DE NACIMIENTO',
		TELFPC AS 'TELEFONO PACIENTE',
		CORREOPC AS 'E-MAIL PACIENTE',
		SEXOPC AS 'SEXO',
		CASE ESTADO_PC 
			WHEN 1 THEN 'ACTIVO'
			WHEN 2 THEN 'INACTIVO'
		END AS ESTADO,
		ON_CREATED AS 'USUARIO CREADOR',
		CONVERT(VARCHAR, FEC_CREATED, 103) AS 'FECHA DE CREACION',
		ON_UPDATED AS 'USUARIO MODIFICADOR',
		CONVERT(VARCHAR, FEC_UPDATED, 103) AS 'FECHA DE MODIFICACI흁'
	FROM PACIENTE
	WHERE CODIGOPC=@VCODIGOPC
GO

EXEC  SP_CONSULTARPACIENTE 25
GO
	











 









 
